companyName,companyAddress,companyIndustry,companyCountry,companyContacts,companyTel,companyPhone,companyFax,companyMail,userName
PIU,"kkktytuk, ALBANIA",玩具,阿尔巴尼亚,,,6865,86589758,gfr@rhe.emnt,gfr
"SARL KTC",ALGER,玩具,阿尔及利亚,BOUALEM,,"00213 21 284912","00213 21 283507",SARLINICOM@HOTMAIL.COM,SARLINICOM
"DDAS ETS KESSAL SPORTS","RUE MERIEM ABDELAZIZ B.E.O ALGER, 16019 B.P 17 EL KETTANI",玩具,阿尔及利亚,"Mr. KESSAL MOHAMED RACHID",,"00213 21 962108","00213 21 962634",KMR_TRG@HOTMAIL.COM,KMR_TRG
SAFARITOURS,"ANNASSERS 2 BT 21 NES ALGIERS",玩具,阿尔及利亚,MR.RAMDANI,,"00213 21 278252","00213 21 278272",SAFARITOUR@CONMAIL.COM,SAFARITOUR
"ETABLISSEMENT M. AMINE","02,AVENUE MALIKA GAID TAGARINS EL-BIAR",玩具,阿尔及利亚,"GHAOUTI MOURAD",,"00213 21 908252/61513708","00213 21 908252",MOURADGHA@YAHOO.FR,MOURADGHA
bluenavy,"NO 302 Qianshan Road Anshan Liaoning",玩具,阿富汗,Ann,,67800247,,xiebl@ec.com.cn,xiebl
"VEDE SA","LARRAZABAL853 (1440) CIUDAD AUTONOMA DE BS.AS",玩具,阿根廷,"VICENTE DE STEFANO",,"0054 11 46441133","0054 11 46441133",VEDE@SION.COM,VEDE
"QIXIANG(ARGENTINA)IMPORTACION&EXPORTACION CO.,LTD","Azcuenaga 18 Bs.As.Cap.Fed .Argentina",玩具,阿根廷,,,005491154972578,00541149535198,rendongx@yahoo.com.cn,rendongx
"CECIL‘S S. R. L.","RONDEAU 712 (1704) RAMOS MEJIA BS. AS.",玩具,阿根廷,"MIRTA GEY DE. KOMATSU",,"0054 11 46580796/46581525","0054 11 46580796/46581525",KOMATSU@ARNET.COM.AR,KOMATSU
"PRO SMART S.A.","PEREYRA LUCENA 2582 6TO A BUENOS AIRES",玩具,阿根廷,"EDUARDO STANISLAVSKY",,"0054 11 48038392","0054 11 48038392",PROSMART@FIBERTEL.COM.AR,PROSMART
"JUEBIL SRL","ANGEL GALLARDO 573-(1405) CAP.FED.BUENOS AIRES",玩具,阿根廷,"JAVIER DUBIN",,"0054 11 48541311/48544565","0054 11 48541311",LASVEGAS@JUEGOSDESALON.COM,LASVEGAS
"ABU KHALID EXHIBITION (L.L.C.)","MURSHID BAZAR,AL BADOOR STREET,DEIRA DUBAI (P.O.BOX:39427)",玩具,阿拉伯,"FAISAL MOHAMAD",,"00971 4 2266503/2621095/504502947","00971 4 2255310",abkhalid@emirates.net.ae,abkhalid
"SALEM AL JABRI TRADING EST.","P.O.BOX 27571 SHARJAH",玩具,阿拉伯,"KHALID SALEM AL JABRI",,"00971 6 5331173/5431173/506450223","00971 6 5327032/5421032",JABPLAST@EMIRATES.NET.AE,JABPLAST
"COOL PLUS A/C & REFRIGERATION SPARE PARTS TRADING CO.","P.O.BOX 113930,DEIRA, DUBAI,U.A.E.",玩具,阿拉伯,,,97142234622,97142276800,coolplus@emirates.net.ae,coolplus
"DIAWORLD LTD.","APT 1510,BLDG#C AL-TAWAN ROAD,SHARJAH",玩具,阿拉伯,"K.A.H.SHAMIM AHSAN",,"00971 507951617/507951807","00971 605531310",SIGNET@HOTMAIL.COM,SIGNET
"JACKYS ELECTRONICS LLC","P.O. BOX 13745,AIRPORT ROAD,DUBAI,U.A.E.",玩具,阿拉伯,,,(971-4)2821822,(971-4)2821474,dubai@jackys.com,dubai
"AKP WORLDWIDE EXPORTS","P.O.BOX 44726 DUBAI",玩具,阿拉伯,"NAVIN JESWANI",,"00971 504932795",,AKPDUBAI@YAHOO.COM,AKPDUBAI
"SPORTS GALLERY","MURSHID BAZAR,NEAR UNITED BANK,DUBAI(P.O.BOX:33623)",玩具,阿拉伯,"AYOUB KHADEMI",,"00971 4 2251667/2260092/506240157","00971 4 2260092",ORLSPORT@EMIRATES.NET.AE,ORLSPORT
"SINDBAD TRADING CENTRE","AL AIN",玩具,阿拉伯,"AREF REZA",,"00971 3 7655847/506430229",,"SINDBAD911@HOTMAIL.COM,A9R9E9F@HOTMAIL.COM",SINDBAD911
"SILVER BALL SPORTS","AL GHURAIR &amp; SONS BLDG.113/65 SOUQ AL KABEER STREET SHOP NO.5 DUBAI(P.O.BOX:15084)",玩具,阿拉伯,,,"00971 4 2267487","00971 4 2291775",HITUP2002@HOTMAIL.COM,HITUP2002
"QIANQIU GIFT CO.LLC","P.O.BOX:62726 DUBAI",玩具,阿拉伯,"CAO AIDI",,"00971 4 2250449/7462837","00971 4 2250448",QIANQIU@CHINA-GINGKO.COM,QIANQIU
"BUOMRAN TRADING CO.(L.L.C.)","P.O.BOX:64487,DUBAI",玩具,阿拉伯,HASHIM,,"00971 4 2250234/506242735","00971 4 2262868",BUOMRAN95@HOTMAIL.COM,BUOMRAN95
"POINT MARKETING (FZ)","P.O.BOX 44420 DUBAI",玩具,阿拉伯,"JANET D.",,"00971 50 6545423","00971 50 5182456",POINTMARKETING@SERVICE.COM,POINTMARKETING
"EZONE TRADING COMPANY LINTED",,玩具,阿联酋,97142522535,,"M.SABOUH SASILA",,ezone0086@hotmail.com,ezone0086
"CARLSON INDUSTRIES",,玩具,阿联酋,97143978731,,"Preeti DSouza",97143978732,discoverhomes@gmail.com,discoverhomes
"MALUANKAR TRADING CO.(L.L.C.)",,玩具,阿联酋,"04 2260031",,BILAL,"04 2260031",bilalpotrrick@yahoo.com,bilalpotrrick
"TAGS GENERAL TRADING LLC",,玩具,阿联酋,971-4-4392344,,"HUSSEIN FTOUNI",971--4392355,ftouni@emirates.net.ae,ftouni
"ROYAL CREATIVE GENERAL TRADING LLC","108, AL FARDAN BLD, AL NAHDA SHARJAH SHARJAH 000000 U.A.E.",玩具,阿联酋,971-6-5306797,,"BENOY VARGHEESE",971-6-5306727,rctuae@eim.ae,rctuae
"YAHYA SAIF AL RASHDY","P.O.BOX 1746 RUWI,P.C.112,OMAN",玩具,阿曼,,,714654,714850,mandoos@omantel.net.om,mandoos
"AL BASAMAT AL MOSHREQA TRADING","AL-RUSTAQ SUITANATE(P.O.BOX 327)",玩具,阿曼,"KHALFAN AL-HAMRASHDI",,"00968 868090/9325697","00968 870075",ALBASAMA@OMANTEL.NET.OM,ALBASAMA
"THE BABY SHOP LLC","P.O.BOX 854,AL KUWAIR,PC 133",玩具,阿曼,"VINOD TALREJA",,"00968 698988","00968 697064",CPOMAN@GTO.NET.OM,CPOMAN
"TASSMEM EGYPT","2-AL QURITY ST - FASIL GIZA 121011",玩具,埃及,06930624,,"ahmed ali",16688088,eng_sheta@hotmail.com,eng_sheta
"EL BEIT EL ABIAD","82 SHOUBRA ST.,CAIRO",玩具,埃及,JOSEPH.RAOUF,,"0020 2 4571043","0020 2 2035909",JORAOUF@YAHOO.COM,JORAOUF
"EL-HODA TOYS",CAIRO,玩具,埃及,"WALEED IBRAHAIM ELDESOKY",,"0020 2 5232708/101430865","0020 2 332096/5232608",WALEED_ELDESOKY@HOTMAIL.COM,WALEED_ELDESOKY
"MODERN ARAB CENTRE","401 RAMSIS ST.,EL ABASIYA-CAIRO(P.O.BOX 32 ABBASIA)",玩具,埃及,"MOHAMED R.EL.MELIGI",,"0020 2 4828356/6832270","0020 2 4828356",SHADEN99@LINK.NET,SHADEN99
"DELTA DISTRIBUTION CO.","16 ABDE KHALIK THARWAT DOWN TOWN CAIRO EGYPT",玩具,埃及,20-2-23956633,,"Tamer Amin",20-2-23906999-2,amin@deltadco.com,amin
"INTERNATIONAL FOR CONTRACTING AND WATER TREATMENT","EL HARAM - 53 ABUL FOTOH BUILDINGS GIZA",玩具,埃及,"ENG.ESSAM MARWAN",,"0020 2 5822942/5822943/5823778/123172770","0020 2 5832662",ESSAM@ICWATERT.COM,ESSAM
"COMET INT‘L.,INC.","6A EBN-MALEK STREET,GIZA 12311(P.O.BOX:489-DOKKI.)",玩具,埃及,"MOHAMED TAWFIK",,"0020 2 3610652/3376752","0020 2 3376752/3837536",COMET@ACCESS.COM.EG,COMET
"WORLD HEALTH CLUB","34 AHMED EUMAIL ST.EL MASAKE (EL KOMIA) EL-SHARKIA",玩具,埃及,"MR.TAMER EL KILANY",,"0020 101577551","0020 55 2347676",TAMERGYM2001@HOTMAIL.COM,TAMERGYM2001
PERSONAL,SHARKAI,玩具,埃及,"KALED M.ABDULRHMAN",,"0020 123662077",20,MENA123123@HOTMAIL.COM,MENA123123
"AL HODA TOYS","81/9ST.HDAAEK EL MAADI,CAIRO",玩具,埃及,"WALID EL DESOUKI",,"0020 2 5232708/105458811","0020 2 5232708",EGYSUB@HOTMAIL.COM,EGYSUB
"NEGMET ABDEEN PLAZA IMPORT & EXPORT CO.","12 HASAN EL AKBAR STREET ABDEEN CAIRO",玩具,埃及,"SHERIF NAGEB",,"0020 2 3955045/122463306","0020 2 3959763",ABDEENPLAZA@HOTMAIL.COM,ABDEENPLAZA
"RAINBOW TRADE","12 GAMED EL-DWAL ST. MOHANDISEEN CAIRO",玩具,埃及,"BASSEM KHALIL",,"0020 101700116","0020 101703999",RAINBOWTRADE@LINK.NET,RAINBOWTRADE
"T.J.C., LTD.","UNIT 33, ROBINHOOD IND. EST.,DUBLIN 22",玩具,爱尔兰,"EBEL FORLEY",,"00353 1 450 53 03","00353 1 450 50 35",enquiry@tjc.ie,enquiry
"JOHNNIE FOX‘S PUB","GLENCULLEN,CO.DUBLIN",玩具,爱尔兰,"FRED RAINERT",,"00353 1 2955647/877656067","00353 1 2586034",FRED@JFP.IE,FRED
"J.C.WALSH & SONS LTD.","RATHFARNHAM VILLAGE,DUBLIN 14",玩具,爱尔兰,"STEPHEN WALSH",,"00353 1 4904636","00353 1 4901194",STEPHEN@CONNEMARAMARBLE.COM,STEPHEN
"J. LANGDON, LTD.","BURTON HALL RD., SANDYFORD PRK,DUBLIN 18",玩具,爱尔兰,MR.BRIAN,,"00353 1 295 55 33","00353 1 295 77 15",brian@jlangdon.ie,brian
"INTROSPORTS LTD","KILOWER,BELCLARE,TUAM,CO.GALWAY",玩具,爱尔兰,"JOHN LUDDEN",,"00353 93 55815/868048854","00353 93 55815",SALES@INTROSPORT.IE,SALES
"HEMAC INTERNATIONAL TRADING IRELAND","LEVEL 1 ROSEMOUNT FACTORY 65 ROSEMOUNT AVENUE DERRY CITY NORTHERN IRELAND BT48 0HL",玩具,爱尔兰,"MR.BILL HEHWEY",,"0044 28 71284958","0044 28 71284958",INFO@HEMAC-INTERNATIONAL.COM,INFO
"SHININGSTAR VENTURES LTD","UNIT 10 BLOOMFIELDS S.C. DUN LAOGHAIRE CO.DUBLIN IRELAND",玩具,爱尔兰,00353-1-2809360,,"Lianzhong Nao",00353-1-2809360,shiningstar919@gmail.com,shiningstar919
"LINDMAE SPORT OU","Forelli 12 Tallinn",玩具,爱沙尼亚,"ULLE LINDMAE",,"00372 6571707","00372 6571708",rein.lindmae@mail.ee,rein.lindmae
"Q-MARKETER OU","Tartu mnt 83 Tallinn",玩具,爱沙尼亚,"IVARI MAAR",,"00372 6010656 /6010657","00372 6010658",ivari@uninet.ee,ivari
"RAJOLTY-GESTAO DE EMPREENDIMENTO LTD.","RUA DA LIGA AFRICCANA 17,LUANDA,P.O.BOX.16486",玩具,安哥拉,"Mr.MATOS CARDOSO",,"00244 2 447216/449689","00244 2 447216",josemqmatoscardoso@hotmail.com,josemqmatoscardoso
"Yilala Arts Company",yilala,玩具,安提瓜和巴布达,yilala,,010-67800253,,add@ec.com.cn,add
"WS-TELESHOP INT‘L. HANDELS","RICOWEG OBJEKT, 07,A-2351 NEUDORF",玩具,奥地利,,,"0043 22 366 44 53","0043 2236 644 58",OFFICE@TELESHOP.AT,OFFICE
"Ravensburger GesmbH","Josef Madersperger Strasse 5, A-2362 Biedermannsdorf, Niedersterreich, Austria",玩具,奥地利,,,"0043 2236 72055","0043 2236 72059",INFO@RAVENSBURGER.COM,INFO
"VDG AKTIENGESELLSCHAFT",,玩具,奥地利,437323738241,,Eder,07323738318,heimteil@vog.at,heimteil
"Eybl Sportbau GesmbH","Magazinstrasse 8-10, A-4600 Wels, Obersterreich, Austria",玩具,奥地利,"Herr Gerhard Pierer",,"0043 7242 658360","0043 7242 6583623",office@eybl-sportbau.at,office
"PEKO PETER KOREN HANDELS-GES.M.B.H.","LOWENTHALGASSE 6,A-1231 VIENNA",玩具,奥地利,"PETER KOREN",,"0043 1 8655728/29","0043 1 8655730",office@pekohandel.at,office
"KOLBESBERGER GESMBH","PLAINBACHSTRASSE 6 A-5101 SALZBURG BERGHEIM",玩具,奥地利,"GERHARD KOELBESBERGER",,"0043 662 451014","0043 662 451014 EXT.14",GWK@KOLBESBERGER.AT,GWK
"MAMMUT TOKO GES.MBH","ARLBERGSTR. 76,A-6900 BREGENZ",玩具,奥地利,,,"0043 7252 46051","0043 7252 460 5190",office@tuda.at,office
"SPORTLOWE WARENVERTRIEBS","POSTGASSE 16,A-1010 WIEN",玩具,奥地利,LOWE,,"0043 1 53 34 48 90","0043 2221 532 10 38",SPORTLOWE@SPORT2000.AT,SPORTLOWE
"Kogler Otto","Gussstahlwerkstrasse 21, A-8750 Judenburg, Steiermark, Austria",玩具,奥地利,"Herr Otto Kogler",,"0043 3572 83178","0043 3572 86428",kogler@aon.at,kogler
"FUN STYLE","SCHOTTENFELD, 60/24,A-1070 WIEN",玩具,奥地利,"DR. E. TREE",,"0043 1 526 7210","0043 1 526 6340",tree@funstyle.com,tree
"Ing.Stanzel & CO Sportgeraetebau","Michtnergasse 16, A-1210 Wien, Wien, Austria",玩具,奥地利,,,"0043 1 2725757","0043 1 7587716129",stako@stako.at,stako
"COLORIFIC AUSTRALIA","3-5 Awun Crt Springvale VIC 3171",玩具,澳大利亚,"PETER DEREK LEVI",,"0061 3 9547 7177","0061 3 9547 7188",SALES@COLORIFIC.COM.AU,SALES
"VANGUARD ELECTRONICS INTERNATIONAL (AUSTRALIA) PTY.LTD.","104 RESERVE RD,ARTARMON NSW",玩具,澳大利亚,"FEI-WU WANG",,"0061 2 99668847","0061 2 99668847/99061144",FAYYANG@FIRSTLINK.COM.AU,FAYYANG
"EDUCATIONAL COLOURS PTY LTD","43 Burgess Rd Bayswater,VICTORIA 3153",玩具,澳大利亚,"JOHN D. FITZ-GIBBON",,"0061 3 97290788","0061 3 97205261",JOHNF@EDCOLOURS.COM.AU,JOHNF
"TECBO AUSTRALIA SPORTS CO.","38 CANNONS PDE.FORESTVILLE NSW",玩具,澳大利亚,"YA-QIAN ELSEVE.ZHOU",,"0061 2 94020923","0061 2 94020923",TECBOAUSTRALIA@HOTMAIL.COM,TECBOAUSTRALIA
"HARVEY NORMAN BIG BUYS","233 PARRAMATTA ROAD AUBURN SYDNEY, NSW AUSTRALIA",玩具,澳大利亚,61-2-9202-4576,,"Milan Tasic",,milan.tasic@au.harveynorman.com,milan.tasic
"Jonan Ceramics Pty Ltd","1007 Mountain Hwy, 3155, Boronia",玩具,澳大利亚,"N Hawkes",,"0061 3 9729 8111","0061 3 98445099",DOLLSDEN@HOTMAIL.COM,DOLLSDEN
"SUGAR BLOSSOM IMPORTS","26 AVOCA STREET KINGSCLIFF AUSTRALIA",玩具,澳大利亚,61-487-583487-61487583487,,"Sandra Youlten",,sugarblossom.imports@gmail.com,sugarblossom.imports
"WALK ON WHEELS NSW PTY LTD.","7/301 HILLSBOROUGH RD, WARNERS BAY",玩具,澳大利亚,"Mr. PETER WILSON",,"0061 2 49466767","0061 2 49466767",WOWNSW@DINGOBLUE.NET.AU,WOWNSW
"CHESTER BEAR COTTAGE","41 THOMAS ST.,WALLSENDNSW 2287",玩具,澳大利亚,,,"0061 2 49515010","0061 2 49558078",TEDDYBEAR@IDL.NET.AU,TEDDYBEAR
"MAKE-KIT PTY.LTD.",,玩具,澳大利亚,61-02-97381084,,"Brad Bryant",,bradbryant11@gmail.com,bradbryant11
"R P DEAN & COMPANY PTY LTD","27-31 King William St Kent Town SA 5067",玩具,澳大利亚,"PETER DEAN",,"0061 8 8363 0500","0061 8 8363 1291",RPDEAN@TNE.NET.AU,RPDEAN
"Gibson Importing Co Australia Pty Ltd","77-79 Tulip St, 3192, Cheltenham",玩具,澳大利亚,"Walter Gibson",,"0061 3 9583 9966","0061 3 9583 9321",GIBSON@GIBIMP.COM.AU,GIBSON
"C. A. L. F. TRADING CO.","RUA BRUXELAS,S/N (S-X) EDF JARDIM HANG KEI,BLK. 4,6FLOORS",玩具,澳门,"CARLOS A. L. FARIA",,"00853 6861700","00853 751195",CALF@MACAU.CTM.NET,CALF
"YANG CHENG ENTERPRISE CO.,LTD.","9/F.,LUSO INTERNATIONAL BANK BUILDING,NO.1-3RUA DR.PEDRO JOSE LOBO",玩具,澳门,"YANG SHIBAO",,"00853 336992","00853 590531",SBYANG21@HOTMAIL.COM,SBYANG21
"FULL-WIND TRADING & MARKETING COMPANY LTD.,","AVENIDA DA AMIZADE NO. 1023,EDIF.NAM FONG, FLAT E&amp;F, 3RD FLOOR,MACAU SAR",玩具,澳门,,,(853)703869,(853)701276,info@fullwind.com.mo,info
"MACAU NEW TECHNOLOGIES INCUBATOR CENTRE","AVN.XIAN XING HAI,S/N,EDF.ZHU KUAN C.C.,6 ANDAR B",玩具,澳门,"JEFF Y.K.LEE",,"00853 710566","00853 710565",JEFF_LEE@MANETIC.ORG,JEFF_LEE
"FOK LONG TRADING CO.MACAO","RUA FRANCISCO XAVIER PEREIRA 181 22/FG.",玩具,澳门,"LEI CHUN FOK",,"00853 512640",853,FCLEI@PUD.ZHONGSHAN.GD.CN,FCLEI
"SUNNY LAND INVESTMENT CO.,LTD","RM 2204-2208, LUSO INT'L BANK 1-3 RUA DR.PEDRO JOSE LOBO. MACAU, CHINA MACAU SAR",玩具,澳门特别行政区,0085328712530,,"Carman Kwok",0085328713373-853,carman@sunnyinv.com,carman
山海集團,,玩具,澳门特别行政区,853-62231288,,"Michelle Wong",853-62231288,michellewong@honhoigroup.com,michellewong
"AMUSEMENT BAHAMAS CO LTD.","P.O.BOX CR-55050 NASSAU",玩具,巴哈马,"DR.CHRISTOPHER BASDEN",,"00242 3610935","00242 3610935",CJB@BATELNET.BS,CJB
"THE MEDI CENTER MEDICAL CLINIC","P.O.BOX CR-55050 NASSAU",玩具,巴哈马,"DR.CHRISTOPHER BASDEN",,"00242 3610935","00242 3610935",CJB@BATELNET.BS,CJB
"JUMP STEP IND CORIP","DEPUTY BAGH ST#2 SIALKOT",玩具,巴基斯坦,FAISAL-REHMAN,,"0092 432 586874/590371","0092 432 271978/272223",JUMPSTEP@BRAIN.NET.PK,JUMPSTEP
"AKHAI ENTERPRISES","103-K,BLOCK-2,P.E.C.H.S.,SHAHAR-E-QUAIDEEN,KARACHI",玩具,巴基斯坦,"WASIF IJAZ",,"0092 21 4311601/4311605/3009276885","0092 21 4554127","WASIFEIJAZ@HOTMAIL.COM,AKHA@CYBER.COM.PK",WASIFEIJAZ
"IMPERIAL CORPORATION","2ND FLOOR,KARIM CHAMBERS,M.A.JINNAH ROAD,BOULTAN MARKET,KARACHI (P.O.BOX 4653,KARACHI)",玩具,巴基斯坦,"ZAFAR SAEED",,"0092 21 2411047","0092 21 2420827",KSON51@YAHOO.COM,KSON51
"NADEEM IMPEX","122,123, WAZIR MANSION NICOLL ROAD ,KARACHI",玩具,巴基斯坦,"EMAD ELAHI SHAMSI",,"0092 21 2434456/2423592/3008267031","0092 21 2434734",NADIMPEX@CYBER.NET.PK,NADIMPEX
"FITNESS FACTORY","SHOP NO.3,PLOT 6-C,4TH ZAMZAMA COMMERCIAL LANE,PHASE V,DEFENCE HOUSING AUTHORITY,KARACHI",玩具,巴基斯坦,"SHOAIB ANWARALI",,"0092 21 5878864","0092 21 5878864/5878865",FITFAC@SUPER.NET.PK,FITFAC
"AFEE TOYS CO","SIMGAPUR PLAZA BANK ROAD RAWAL PINDI",玩具,巴基斯坦,M.ASHFAQ,,"0092 51 555275","0092 51 555286",ASIDSA.PK@YAHOO.COM,ASIDSA.PK
"ANWAR HASSAN CO. LTD.","SHOP NO.80-81,BLOCK-A,2ND FLOOR,KHYBER MARKET,JAMRUD ROAD,INDUSTRIAL AREA,N.W.F.P.,PESHAWAR",玩具,巴基斯坦,"KHAN TAHSEER",,"0092 91 816717","0092 91 819294",TAHSEER@BRAIN.NET.PK,TAHSEER
"PEARL FOOD INDUSTRIES","PLOT NO.III-A-1/11,ADJ.DECENT HOSPITAL,NAZIMABAD NO.3,KARACHI",玩具,巴基斯坦,"ALI MOHAMMAD J.MORANI",,"0092 21 6681241/6616050","0092 21 6615717",MORAIN@CYBER.NET.PK,MORAIN
"ZIQI ENTERPRISE (ZIQI TOYS)","#2+9, SECTOR A-VI, KEPZ PO BOX 18700, LANDHI PAKISTAN",玩具,巴基斯坦,922135082329,,"Ali M. Baloch",922135082331-21,alibaloch@ziqitoys.com,alibaloch
"MASOODS AUDIOLOGY CENTRE","Suite No. G-8, Ground Floor Cliftonview Apartments Frere Town Near Teen Talwar, Karachi, Pakistan",玩具,巴基斯坦,,,92-21-5656178,92-21-5661428,anees@masoodaudiologyclinic.com,anees
"MOON LIGHT IMPORTADORA LTDA","EDIFICIO PANORAMA SECOND,TORRE A PISO 10 DPTO.1008 AV.CARLOS A.LOPEZ,CIUDAD DEL ESTE",玩具,巴拉圭,"DEEPAK ROHRA",,"00595 61 518481","00595 61 518481",MOONLIGHT@NEWNET.COM.PY,MOONLIGHT
"CASA FREE","SHOPPING FANTASTICO 1 PISO,CIDADE DEL ESTE",玩具,巴拉圭,"SIMON SHU",,"00595 61 500836","00595 61 502439/514204",SIMON@UCIC.NET,SIMON
"AUTO PLAZA","SHOPING CATARATA 2°PISO CIUDE DEL ESTE",玩具,巴拉圭,"TSENG MING-YI",,"00595 61 500836/973510817","00595 61 503487",SIMON@UNINET.COM.PY,SIMON
"MAJED MUSHTAHA AND SONS CO.","GAZA STRIP,VICTOR HUGO ST. 36/166,MAJED MUSHTAHA BUILDING,GAZA CITY,PALESTINE",玩具,巴勒斯坦,,,0097282862248,0097282822896,info@kingtoyspal.com,info
"MANACO INTERNATIONAL OFFICES",NABLUS,玩具,巴勒斯坦,"AMMAR BRAIK",,"00972 9 2384649",,MASRISAMER@HOTMAIL.COM,MASRISAMER
"HUSIEN ZAIN ELDEEN&SONS CO.","OMAR MUKHTAR ST.,GAZA",玩具,巴勒斯坦,"NABIL ZAIN ELDEEN",,"00972 8 2833319","00972 8 2860719",ZAINELDEEN2000@YAHOO.COM,ZAINELDEEN2000
"JASSIM TRADING & AGROSERVE W.L.L.","P.O.BOX 1059 MANAMA",玩具,巴林,"NABEEL J. AL SAYEGH",,"00973 701818","00973 701833",jassimt@batelco.com.bh,jassimt
"BAHRAIN INTERNATIONAL CIRCUIT - HOME OF MOTORSPORT IN THE MIDDLE EAST","Building 255, Road 62, Block 1062 Sakhir Manama",玩具,巴林,,,"Moahmmed Alansari",,m.alansari@bic.com.bh,m.alansari
"LIZA M.DE LEE","ACP,COLON",玩具,巴拿马,,,"00507 4437055",507,LLEE@PANCANAL.COM,LLEE
"POFI INTERNACIONAL S.A.","CALLE C ENTRE CALLES #15 Y#16 APARTADO 179 ZONA LIBRE DE COLON COLON",玩具,巴拿马,"JUDY HUNG",,"00507 4333651/4333649","00507 4333990",POFIINTERNATIONA@PA.INTER.NET,POFIINTERNATIONA
"INTERCONTINENTAL ZONA LIBRE","P.O.BOX #2067 COLON FREE ZONE",玩具,巴拿马,"JAVIER E. RABINOVICH",,"00507 4331469","00507 4415948",JR@INTZL.COM,JR
"GH IMPORT/EXPORT","CALLE 1ERA PH.LOS BOVEDAS APT.813",玩具,巴拿马,"CARLOS MAZA",,"00507 6202555",507,CARLOS_MAZA@HOTMAIL.COM,CARLOS_MAZA
EXP.SUNNY.S.A.,"APTDO.3248 ZONA LIBRE DE COLON",玩具,巴拿马,"NARESH K.AIDASANI",,"00507 4451824/4451963/6239444","00507 4416621",EXPSUNNY@SINFO.NET,EXPSUNNY
BARTERCENTER,"VIA RICARDO J.ALFARO, EDISON TOWER, PRIMER PISO(B.N.P.)",玩具,巴拿马,5073210210,,"Lic.Carlos Medina",5073210213,calmed@bartercenter.cc,calmed
"LYCOS TRADING","RUA PANONIA,262 MORUMBI-SAO PAULO",玩具,巴西,"WILSON LEE",,"0055 11 37737186/37444808","0055 11 37737186",WILSONLAW@UOL.COM.BR,WILSONLAW
"INSTITUTE OF POST GRADUATE STUDIES AND DISTANCE LEARNING","Nereu Ramos, 463 Blumenau Santa Catarina - ZIP/Post 89010-400",玩具,巴西,21027272-88259974,,"BERNARDO CALIXTO KNABBEN",21027251,bernardo@ipgead.com.br,bernardo
"BRINQUEDOS BANDEIRANTE S.A.","AV. VILA EMA 2208/58,03282 SAO PAULO, SP",玩具,巴西,"RUBENS F. FERNANDES",,"0055 11 6100 9000","0055 11 6100 9078",bband@brinquedosbandeirante.com.br,bband
DARDARA,,玩具,巴西,551133138284,,MR.FUAD,551133138284,dardara@uol.com.br,dardara
"FONTE AZUL ASSESSORIA E INT. DE NEGOCIOS LTDA",,玩具,巴西,55-11-38494866,,"Felipe Macedo",55-38494866,felipe@fonteazul.net,felipe
NATALIE,"AV.MARIA COELHO DE AGUIAR,573,SAO PAULO,SP",玩具,巴西,JOSE,,"0055 11 58517705","0055 11 58517705",NATALIE@NATALIE.COM.BR,NATALIE
"ISKISITA ATAKADO CIRNE IRMAOS & CIA LTDA.","RUA CEL. ESTEVAM,1424-ALECRIM-NATAL/RN-CEP 59.035-000",玩具,巴西,"SERGIO ROBERTO DE MEDEIROS CIRNE",,"0055 84 2133570","0055 84 2131865",ISKISITA@ISKISITA.COM.BR,ISKISITA
"QUALIMPORT COMERCIO DE IMPORTACAO E EXPORTACAO LTDA","AV.DO CAFE 130, SL22, CONCEICAO,SAO PAULO-SP,BRAZIL",玩具,巴西,,,55-11-55424335,55-11-5096-5916,paulozhu@hotmail.com,paulozhu
"BRAZIL TOYS","RUA SERGIPE,252-CEP 18.530-000-TIETE-SP",玩具,巴西,"EDEMAR J.INNAMI",,"0055 15 2828286/97710390","0055 15 2828286",INNAMI@FASTERNET.COM.BR,INNAMI
"DIMEX IMPORTACAO E EXPORTACAO LTDA.","BR 230,KM 13.CABEDELO,PARAIBA",玩具,巴西,"FREDERICO GAUDENCIO",,"0055 83 2462820","0055 83 2463288",DIMEXLTDA@UOL.COM.BR,DIMEXLTDA
"SCARLET ATACADO E VAREJO VESTUARIO E ACESSORIOS LTDA.","Rua Com Miguel Calfat 308 Sao Paulo Sao Paulo 04537-081",玩具,巴西,26131870,,"Marcia Cunha",26131870,marcia@scarletboutique.com.br,marcia
"CROWM  FERRAMENTAS  ELETRICAS  DO  BRASIL",,玩具,巴西,554188897740,,"William Santos",,vendas@crownferramentas.com.br,vendas
TRIUMPH-S,"Varshavskoe road, bl.136",玩具,白俄罗斯,,,0079036796523,0079036796523,dmitry_kuikov@yahoo.com,dmitry_kuikov
"TRIUMPH S","WARSHAVSKOE SHOSSE 132,117519 , MOSCOW,RUSSIA",玩具,白俄罗斯,,,007-095-3156879,007-095-3156879,tania@tryumphs.ru,tania
JIGULYANKA,"5,BELOMORSKAYA STR.,MINSK",玩具,白俄罗斯,"VIACHESLAV YURKEVICH",,"00375 17 2329755","00375 17 2329755",S&amp;amp;D@BELSONET.NET,S&amp;amp;D
"CHILDRENS WORLD COMPANY LTD.","LAVSHUK ANDREY VLADIMIROVICH 102,LENIN STREET  KRASNOYARSK, 660017RUSSIA",玩具,白俄罗斯,,,007-3912-222736,007-3912-226923,detskmir@online.ru,detskmir
"IMKON LTD.","SOFIA 1000,1B RAIKO DASKALOV SQ.(P.O.B.936)",玩具,保加利亚,"SPASIMIR VASILEV",,"00359 2 9870505/9801527/98603033","00359 2 9813341",IMKON_LTD@MAIL.BG,IMKON_LTD
"POPOV & SON LTD.","113,TZARIGRADSKO SHOSE BLVD.8TH FLOOR,804 ROOM 1184 SOFIA",玩具,保加利亚,"NADIA POPOVA",,"00359 2 708162/88811997","00359 2 9743457",MAXIMA@MAXIMA.BG,MAXIMA
"EZOSTYLE LTD.","SOFIA,58 PIZOTSUA STZ",玩具,保加利亚,"Mr. MILKO MIKOV",,"00359 2 9870199","00359 2 9870199",EZOSTYLE@TEA.BG,EZOSTYLE
"MIS 69 LTD.","113 TZARIGRADSKO CHAUSSEE BLVD.,(SOFIA-PRESS AGENCY,5TH FLOOR),1784 SOFIA",玩具,保加利亚,"MARIAN KOLEV",,"00359 2 9753545/753922","00359 2 744171",MIS69@DATACOM.BG,MIS69
"TREGA LTD.","4002 PLOVDIV,ATON STR.20",玩具,保加利亚,"Mr. NVAHSLRVKOV",,"00359 32 453053/455054","00359 32 640888/646005",trega@plovdiv.ttm.bg,trega
"RODUC REHAB B.V.B.A.","INDUSTRIEPARK WEST 58//B-9100 SINT-NIKLAAS",玩具,比利时,"BERT DUCHESNE",,"0032 3 7780448","0032 3 7780538",INFO@RODUCREHAB.COM,INFO
"THIELEMANS S.P.R.L.","RUE HERREWEGE STRAAT,27-1090 BRUSSEL",玩具,比利时,,,"0032 2 4271048","0032 2 4240258",ERIC.THIELEMANS@PING.BE,ERIC.THIELEMANS
"DHR. FREDERIK DE WAELE","GENTSESTEENWEG, 190,B-9240 ZELE",玩具,比利时,,,"0032 52 44 43 38","0032 52 44 92 18",sportadewaele@busmail.net,sportadewaele
"S.C. ZONE ROUGE","PARC DE LA GOTTE, 8,B-4550 NANDRIN",玩具,比利时,,,"0032 43 71 25 20","0032 43 71 25 08",zone.rouge@skynet.be,zone.rouge
"N.V. BASTENEI","LANGE VILERSTRAAT, 11,B-2000 ANTWERPEN",玩具,比利时,,,"0032 32 31 43 08","0032 32 32 98 77",bastenei@skynet.be,bastenei
"R.P. TOYS IMPORT-EXPORT","RUE DE LA BLANCHISSERIE 31,B-5310 LIERNU",玩具,比利时,"MARIO RIGOLE",,"0032 81 655807/477729678","0032 81 655870",INFO@RPTOYS.COM,INFO
"S.P.R.L. ERTEL","CHAUSSEE DE NIVELLES, 34,B-1461 HAUT-ITTRE",玩具,比利时,ERIC,,"0032 23 66 36 94","0032 23 66 36 96",spplgg@skynet.be,spplgg
"BRICOLUX S.P.R.L.","CHAUSSEE DE ROCHEFORT, 4//B-5406 MARLOIE",玩具,比利时,"N. COLLARD",,"0032 84 311372","0032 84 316372",INFO@BRICOLUX.BE,INFO
"CDM NV/SA","KMO-ZONE, HEMELRIJKEN, 8 B-2890 SINT-AMANDS",玩具,比利时,"CHRIS DE MEY",,"0032 52 399910/475446537","0032 52 399919",INFO@CDMBELGIUM.COM,INFO
"GREAT GIFTS B.V.B.A.","INDIESTRAAT 21 2000 ANITWERP",玩具,比利时,"Miss. ROBEYN",,"0032 3 2321441","0032 3 2321403",ROBINBEARS@ADVALUAS.BE,ROBINBEARS
"D‘Ieteren Sport SA","Parc Industriel de la Vallee du, Hain, B 1440, Wauthier-Braine",玩具,比利时,"Pierre Vierendeel",,"0032 2 367 14 13","0032 2 366 15 21",bauduin@dieteren.be,bauduin
"ALLDECO BVBA-SPRL","WIJINGAARDVELD 5A B-9300 AALST",玩具,比利时,"DANIELLE VAN HOEYMISSEN",,"0032 53 750600/496261466","0032 53 750606",DANIELLE.VAN.HOEYMISSEN@ALLDECO.BE,DANIELLE.VAN.HOEYMISSEN
ISSELL,"Skutuvogur 12L, P.O.Box 4066,Reykjavik",玩具,冰岛,"Mr. Thorarinsson",,"00354 5681819","00354 5200501",ISSELL@ISSELL.IS,ISSELL
"Jon Asbjornsson hf.","Geirsgata 11, P.O.Box 286,Reykjavik",玩具,冰岛,"Mr. Jon Asbjornsson",,"00354 5511747","00354 5519463",INFO@JONASBJORNSSON.IS,INFO
"FERDAPJONUSTA REYKJAVIKUR","LAEKJARGATA 2,REYKJAVIK",玩具,冰岛,"ASBERG JONSSON",,"00354 5112442/8209494","00354 5112443","INFO@ICELANDVISITOR.COM,ASBERG@ICELANDVISITOR.COM",INFO
"Neptunus Ltd.","Nylendugata 10, P.O.Box 463,Reykjavik",玩具,冰岛,"Mr. B. Halldorsson",,"00354 5521380","00354 5527720",XNEPTUN@SIMNET.IS,XNEPTUN
"LEADDER LTDA","COROICO NO. 1567 LA PAZ BOLIVIA BOLIVIA",玩具,玻利维亚,59122203006,,"JOSE EDUARDO ALVAREZ",59122,sanzega@gmail.com,sanzega
"ZAMORANO ASOCIADOS","CALLE JORDAN 240 COCHABAMBA",玩具,玻利维亚,"ARMANDO EAMORANO A.",,"00591 4 4501515/4225740",591,MZAMORAN@SUPERNET.COM.BO,MZAMORAN
"COMERCIAL MARY","DOM.CALLE RIVERENA NO.831",玩具,玻利维亚,"MARIA EAMORANO A.",,"00591 4 247235",591,MZDMORAN@SUPERNEJ.COM.BO,MZDMORAN
"IMPORTADORA T&D","C/LA GUARDIA N 4(ZONA DE LA RAMADA) BOLIVIA SANTA CRUZ BOLIVIA",玩具,玻利维亚,15815267158,,PETER,591513619,huahai@huahaitoys.com,huahai
ABISAL,"BYTOM 41-902 UL.SKLADOWA 2",玩具,波兰,"RUSZARD ZIOMEK",,"0048 32 3886060","0048 32 3886070",ABISAL@ABISAL.PL,ABISAL
SMIESZEK,"30-716 KRAKOW,UL.PRZEWOZ 2",玩具,波兰,"KINGA GIECOLD-GUMULA",,"0048 12 6532545/6532471/4236092/501382790","0048 12 6532535",INFO@SMIESZEK.COM.PL,INFO
TOPSPORT,"HURTOWNIA:LODZ,UL.ARTYLERYJSKA 3/5",玩具,波兰,"GRZEGORZ LATOSEK",,"0048 42 6334386/6310998/601236040","0048 42 6334386/6310998",TOPSPORT@IKKI.COM.PL,TOPSPORT
INTER-FLORA,"GRANSKIEGO 22 SIECHNICE 55-011 POLAND",玩具,波兰,+48-500-516-847,,"Agata Krzyk",,a.krzyk@inter-flora.pl,a.krzyk
STNUX,"307/18 OSMANCZYKA WARSZAWA 01-494 POLAND",玩具,波兰,48-22-4659055,,"Sylwia Wrzosek",48-22-4659040,sylwia@stnux.pl,sylwia
"Cargo Services",,玩具,波兰,,,"Mariusz Michalski",,waw@cargoservices.pl,waw
"F.H.BOBAS OPOLE","UL.NIEMODLINSKA 107 46-073 CHROSCINA POLAND",玩具,波兰,48-77-5471977,,"Katarzyna Rupowska","48-77-464 01 86",designbobas@gmail.com,designbobas
"MROWIEC TOYS","42-200 CZESTOCHOWA UL.LUDWIKI 2",玩具,波兰,"MIROSTAW MROWIEC",,"0048 34 3651624/607096447","0048 34 3651624",MROWIEC@MROWIEC.PL,MROWIEC
"RACIK A I R GRZESIAK","DO SAMKOW 6 ZAKOPANE 34-500 POLAND",玩具,波兰,4818-201-3841,,"RAFAL GRZESIAK",,racikallegro@poczta.fm,racikallegro
KORAB,"WROCKAW,STANISKAWSKIEGO 3416",玩具,波兰,"Ms.ELEBIETA NIZINSKA",,"0048 71 3340239","0048 71 3340239",AKPOL@GOTO.PL,AKPOL
"GOLDEN RIVER CORPORATION","STAWKI 3A/4,WARSAW 00-193,POLAND",玩具,波兰,,,0048226360496,0048226360496,kp@goldenriver.com.pl,kp
ADAR,"WARSZAWA UL.17-GO STYCZNIA 36/33",玩具,波兰,"DARIUSZ ADAMIEC",,"0048 22 6327232/6314801/6314807","0048 22 6327232/6314801/6314807",ADAR@ADAR.COM.PL,ADAR
"C.SONDERGAARD PAPIR A/S","TIGERVEJ 12,7700 THISTED",玩具,丹麦,"BODIL KOHLERT",,"0045 96 194900/194927","0045 96 194909","CSPAPIR@CSPAPIR.DK,BK@CSPAPIR.DK",CSPAPIR
"BNK GIVE-AWAY","ESROMGADE, 15 OPG 2, 3 SAL,DK-2200 COPENHAGEN N",玩具,丹麦,"LOTTE ERNST MAABO",,"0045 70 20 50 75","0045 70 20 50 75",bnk.reklamegaver@adr.dk,bnk.reklamegaver
"Cova Collection ApS","Taksvej 5 - 7400 Herning",玩具,丹麦,,,"0045 97 21 46 33","0045 97 21 46 34",info@cova.dk,info
"RABO A/S","Industriparken 9, DK 4640, Fakse",玩具,丹麦,"Anne Petersen",,"0045 56 71 33 66","0045 56 71 33 22",rabo@rabo.dk,rabo
"FRIHAVNSKOMPAGNIET A/S","SVNDKAJ, PAKHUS 47,DK-2100 COPENHAGEN O",玩具,丹麦,"CHRISTIAN SCHMIDT",,"0045 39 27 06 44","0045 39 27 09 44",cs@frihavnsko.dk,cs
"Silhouette Scandinavia A/S","Hasselvej 15 A, DK 5591, Gelsted",玩具,丹麦,,,"0045 64 49 18 64","0045 64 49 10 64",silhouette@silhouette.dk,silhouette
"Tress AS","Danmarksvej 34, DK 8660, Skanderborg",玩具,丹麦,,,"0045 86 52 22 00","0045 86 52 22 26",tress@tress.dk,tress
ISAAK,"Borremosen 3 A, DK 2800, Kgs. Lyngby",玩具,丹麦,"Stefan Isaak",,"0045 44 44 74 20","0045 44 44 74 22",isaak@image.dk,isaak
"HANDELSHUSET VEGA I/S","MOLLELODDEN 4,L.SAL 2791 DRAGOR",玩具,丹麦,"GERT FABRICIUS",,"0045 32 942404/29258237","0045 32 942403",HHVEGA@TISCALI.DK,HHVEGA
"KARRUSEL FORLAG","OESTERBROGADE 48, 2. SAL 2100 COPENHAGEN DENMARK DENMARK",玩具,丹麦,0045-33150026,,"Jakob Arnby",,tine@karruselforlag.dk,tine
"COLOPLAST A/S","BRONZEVEJ 4,DK-3060 ESPERGAERDE",玩具,丹麦,"STEN SGHEIEUE",,"0045 49 11 11 11","0045 49 11 15 55",coloplast@coloplast.com,coloplast
"Virklund Sport A/S","Korshoejvej 2, Virklund, DK 8600, Silkeborg",玩具,丹麦,"Ulla Kragelund",,"0045 86 83 69 00","0045 86 83 64 58",virklund@virklund-sport.dk,virklund
"Pluesch & Promotion GmbH","Steinbrede 11, 48163 Muenster, Germany",玩具,德国,"Mr Michael Neumann",,"0049 2536 30190","0049 2536 301910",info@pluesch-und-promotion.de,info
"Thuerl Public Relations","Schindholzweg 5, 96194 Walsdorf, Germany",玩具,德国,"Mr Peter Thuerl",,"0049 9549 8222","0049 9549 8223",peter.thuerl@t-online.de,peter.thuerl
"Ascher Sports GmbH","Pfarrer-Braun-Str. 29, 83043 Bad Aibling, Germany",玩具,德国,"Mr. Florian Ascher",,"0049 8061 1783","0049 8061 6236",a.ascher@t-online.de,a.ascher
"Interact Europe Bernd Joellenbeck GmbH","Kreuzberg 2, 27404 Weertzen, Germany",玩具,德国,"Mr Bernd Joellenbeck",,"0049 4287 12510","0049 4287 125155",info@interact-europe.de,info
"Reimo Reisemobil-Center GmbH","Boschring 10, 63329 Egelsbach, Germany",玩具,德国,"Mr. G. Hillmann",,"0049 6103 400574","0049 6103 4005140",ghillmann@reimo.com,ghillmann
"Hans Galler","Bruckstrasse 8, 84130 Dingolfing, Germany",玩具,德国,"Mr. Hans Galler",,"0049 8731 60362","0049 8731 60362",webmaster@bongland.de,webmaster
"Mahler Toys GmbH","Aubruchsweg 26a, 47447 Moers, Germany",玩具,德国,"Mr. Udo Mahler",,"0049 2841 65210","0049 2841 62208",info@mp-mcs.de,info
"Ulf Tausch","Im Weidach 37, 87527 Sonthofen, Germany",玩具,德国,"Mr Ulf Tausch",,"0049 8321 68575","0049 8321 85808",ulf.tausch.naturprodukte@t-online.de,ulf.tausch.naturprodukte
"Sunflex Sport GmbH + Co KG","Wolkersdorfer Berg 3, 91126 Schwabach, Germany",玩具,德国,"Mr. Bernd Zimmermann",,"0049 911 63212 0","0049 911 63212 44",mail@sunflex-sport.com,mail
"Networx Werbeagentur GmbH","Lindower Str 18, 13347 Berlin, Germany",玩具,德国,"Ms Annette Schroeter",,"0049 30 4601150","0049 30 46011599",info@networx-berlin.de,info
DANY-BAEREN,"ROENNESTR. 14,14057 BERLIN,GERMANY",玩具,德国,"MS DANIELA-REBEKKA MELSE",,"0049 30 32608197","0049 30 32608198",DANYBAEREN@TEDYS.DE,DANYBAEREN
"IMPORTADORA ALCAMPO,C.POR A.","AVE.BARTOLOME COLON NO.80 SANTIAGO",玩具,多米尼加,"JOSE KHOURI",,"00809 5819227","00809 2412044",IMP.ALCAMPO@CODETEL.NET.DO,IMP.ALCAMPO
"PRIN, C. POR A.",,玩具,多米尼加共和国,18092217908,,"Antonio Ramos",18096876569,a.ramos@prin.com,a.ramos
"PRIN, SAS","AV. MELLA 302 DOMINICAN REPUBLIC",玩具,多米尼加共和国,1-809-2217608,,"MIGUEL RAMOS",1-809-6876569,mramos2869@hotmail.com,mramos2869
"SERVICE-SPORT COMPANY","1,NAHIMOVSKIJ PROSPECT,MOSCOW",玩具,俄罗斯,"YURIY V.KOCHEDIKOV",,"007 095 9125748/1138332","007 095 9120667",SERVICE-SPORT@MTU-NET.RU,SERVICE-SPORT
ENTER,"ORDZONIKIDZE STR, BLD 11,10 MOSCOW 115419 RUSSIA",玩具,俄罗斯,7-495-7759175,,"Shablovsky Alexey",,sha@enter.ru,sha
"NEW FORMAT","OF.525 , STRASTNOY BULVAR D.6 STR. 1 MOSCOW 125009, RUSSIA",玩具,俄罗斯,4956945409,,"Chesnokov Igor",49569629815,editor@newforma.ru,editor
"AGENCY OF THE HOLIDAY &quot;BALLOONYA&quot;","BORISOV HIGHWAY 48A 24 SERPUKHOV MOSCOW REGION RUSSIA",玩具,俄罗斯,7-916-2989431,,Maksim,7-916-916,helpip@ya.ru,helpip
NEVA-PRESS,,玩具,俄罗斯,812-3246740-6255,,"Eleonora Babaeva",8-3246740,import@neva-press.com,import
"STUDIO CENTER LTD.","1025, 3/1, MUSI DJALILYA NOVOSIBIRSK 630055 RUSSIA",玩具,俄罗斯,73833283296,,"Olga Vasilyeva",73833283297383,v@centerprint.ru,v
"EDEM POLUS","PROSPEKT VERNADSKOGO 45/81 MOSCOW MOSCOW RUSSIA",玩具,俄罗斯,0079670450262,,"Albasheeva Ayuna",007967967,partnerasia@mail.ru,partnerasia
"World Sweet","Dushinskaya street, 3С13, Moscow",玩具,俄罗斯,74956468733,,Vladimir,74955451833,steh1@yandex.ru,steh1
"OST-COM COMPANY","2FL, 20B, BORODINSKAYA STREET VLADIVOSTOK PRIMORSKIY REGION RUSSIA",玩具,俄罗斯,007-423-22-40-900,,"Elizarov Vladimir",007-423-22-40-900-423,elizarov.vladimir@gmail.com,elizarov.vladimir
MACTUKTOPR,"OFF.201,44,LENINGRADSKAYA STR.,KHABAROVSK",玩具,俄罗斯,"LI VIASHESLAV",,"007 4212 301901/783487","007 4212 301901/783487",POSTMASTER@PLASTIC.KHV.RU,POSTMASTER
ZARNITZA,"PERVAYA VLADIMIRSKAYA 12, BUIL MOSCOW RUSSIA",玩具,俄罗斯,007-495-9874730,,Sasha,007-495-9874753,shura-hua@mail.ru,shura-hua
"NORTHERN VIRGINIA TRADING COMPANY","AZOVSKAYA UI,6/3,OFFICE # 808,MOSCOW",玩具,俄罗斯,"NATALIA GOTOVTSEVA",,"007 095 3107240","007 095 3187300",AVENTO@DOL.RU,AVENTO
"VEHICULOS Y COMERCIO ASTUDILLO CIA. LTDA.","AV. ESPANA 10-10 Y FRANCISCO PIZARRO 1-16(ESQ.) CUENCA",玩具,厄瓜多尔,"HUGO ASTUDILLO A.",,"00593 7 863535/866973","00593 7 806728",VYCAST@ETAPA.COM.EC,VYCAST
BERALSA,"COLLA DANGO DIL RI GUAYAQUIL",玩具,厄瓜多尔,"JOROG ACOSTA",,"00593 4 835074","00593 4 823456",JJBERALSA@HOTMAIL.COM,JJBERALSA
"TIENDAS INDUSTRIALES ASOCIADAS","CHIMBORAZO # 217 Y LUQUE(P.O.BOX 09-015835)",玩具,厄瓜多尔,"SANDRO SGARAVATTI BAETHGEN",,"00593 4 2327387","00593 4 2533086",SSV@TIA.COM.EC,SSV
"SOCIETE TARAU ET CIE","7 AVENUE DE L EUROPE, 60530, NEUILLY EN THELLE",玩具,法国,"M TARAU REMY",,"0033 3 44269696","0033 3 44269697",INFO@TARAU.FR,INFO
"ZEBCO SPORTS FRANCE","RUE DE L AQUEDUC, ZA DU CHARPENAY, 69210, LENTILLY",玩具,法国,"M DERWES",,"0033 474019100","0033 474019101",INFO-FR@ZBCO-EUROPE.COM,INFO-FR
"Vitanime RECHERCHE, CREATION ET DIFFUSION D'ARTICLES PUBLICITAIRES","39/41, rue Andre Sabatier 92000 NANTERRE - FRANCE",玩具,法国,"00 33 1 41 38 02 64",,"Corinne PATARY","00 33 1 45 06 38 88",corinne@vit.anime.fr,corinne
"LES PETITES MARIE","RAYNAUD 1 RUE DE BLOIS AMBOISE",玩具,法国,"EMMANUEL RAYNAUD",,"0033 2 47576900","0033 2 47577500",PTEMARIE@AOL.COM,PTEMARIE
"REMY MARTINEZ","92 CHEMIN SOUS LES VIGNES METZ FRANCE",玩具,法国,33662422859,,"remy martinez",,remy.martinez@bbox.fr,remy.martinez
"RODA S.A.",,玩具,法国,33-89472334,,"ROGER VOINSON",33-89472099,info@roda.fr,info
"PIXI SA","25 RUE AMELOT, 75011, PARIS",玩具,法国,"M GUENARD PHILIPPE ANTOINE",,"0033 1 43577354","0033 1 43571056",INFO@FIXI.FR,INFO
"IDEAL PROMOTION",,玩具,法国,33472694090,,"Nina GOMBART",33472440052,nina@ideal-promotion.com,nina
"BUKI FRANCE","5,RUE DE CRIMEE,PARIS",玩具,法国,"DANIEL LEVY",,"0033 1 40334533","0033 1 40330330",DANIELLEVY@BEZEQINT.NET,DANIELLEVY
"ORAFIAMMA SA","128 AVENUE DE STALINGRAD, BP 37, 94802, VILLEJUIF CEDEX",玩具,法国,"M AUBOUIN",,"0033 1 46771824","0033 1 46781804",ORAFIAMMA@PRESSEUR.FR,ORAFIAMMA
"PINTEL JOUETS","16 RUE FABRE D EGLANTINE, 75012, PARIS",玩具,法国,,,"0033 143079551","0033 148241378",PINTELJOUETS@WAIKAq.COM,PINTELJOUETS
"FERRY JACQUES ET CIE","ZI DE LA PLAINE DU CAIRE,13830,ROQUEFORT LA BEDOULE",玩具,法国,"M FERRY MICHEL",,"0033 442731616","0033 442731400",ferry@ferry.fr,ferry
A.C.T.GLOBAL,"32 SISA STREET,GOLDENDALE SUBDIVISION II TINEJEROS,MALABON,METRO MANILA",玩具,菲律宾,"ALVIN TENG",,"0063 2 2883093/9175228364","0063 2 2853095",TENG_AL@YAHOO.COM,TENG_AL
"KINDER CO.","8C LUNTALA, FIREFLY STREET, VALLE VERDE 6A, PASIG CITY METRO MANILA (1604) PHILIPPINES",玩具,菲律宾,63-917-8221281,,"rodolfo lee jr",,kindershops@yahoo.com,kindershops
"GOLDBELL PHILIPPINES, INC.","2150 ROXAS BLVD.,MALATE,MANILA",玩具,菲律宾,"DESMOND S. CHUA",,"0063 2 5268088","0063 2 3033030",DESCHUA@GOLDBELL.COM.PH,DESCHUA
"SHALIMAR SPORTS INTERNATIONAL","SECOND FLOOR,1053 VITO CRUZ STREET,MANILA",玩具,菲律宾,"SUNDER GOPALDAS",,"0063 2 5269861/5269862","0063 2 5269866/8950462",SHALIMAR@PWORLD.NET.PH,SHALIMAR
"PRIMELEAD MERCHANDISING INC.","219 IPIL. ST.  SAINT JOSEPH SUBD. CAINTA, RIZAL PHILIPPINES",玩具,菲律宾,63-2-6546118,,"LEONORA MILNER",63-2-6546118,leonoramilner@yahoo.com,leonoramilner
"KEYWEST INTERNATIONALE SALES",,玩具,菲律宾,636323766466,,"Evangeline Que",6324116727,keywest_internationale@yahoo.com,keywest_internationale
"ARCHIPELAGO TRADING","1390-B G. ARANETA AVE. B. TALYAN,QUEZON CITY,PHILIPPINES",玩具,菲律宾,,,(02)4130722,(02)2443119,Archipelago12@www.com/angie888aj@yahoo.com,Archipelago12
"BLUE MAGIC, INC.","SHOEMART CITY FAIRVIEW QUIRINO HIGHWAY CORNER REGALADO AVE. FAIRVIEW, QUEZON CITY",玩具,菲律宾,63029362093,,"Ramil Dizon",63024190833,rpdbluemagic@yahoo.com,rpdbluemagic
"MINTAGE TRADING","1409 ALVARADO EXT 1003 PHILIPPINES",玩具,菲律宾,63-2-6333104,,"Rachelle Uy",63-2-6333104,rachelle@mintagetrading.com,rachelle
"GAMMA DESIGN CENTER","143-E AURORA BLVD., SAN JUAN CITY, METRO-MANILA PHILIPPINES",玩具,菲律宾,63-2-7239681,,"Dominique Hao",63-2-7258315,ganhi007@yahoo.com,ganhi007
"GALORE GOODS","335 SAN JUANICO ST. AAV MUNTINLUPA 1780 PHILIPPINES",玩具,菲律宾,63-2-7254833,,"Carvin Choa",63-2-7254833-2,galore.goods@yahoo.com.ph,galore.goods
"UNIVERSAL STOCKS CO.","777 KATARUNGAN ST. 2ND FLOOR MANDALUYONG CITY",玩具,菲律宾,"RAMESH MENGHRAJANI",,"0063 2 5354383/9178340406","0063 2 5311996",RAMESH_MENGHRAJANI@YAHOO.COM,RAMESH_MENGHRAJANI
"Suomalainen Kirjakauppa Oy","Koivuvaarankuja 2, FI 01640, Vantaa",玩具,芬兰,,,"00358 9 85 27 51","00358 9 8 52 78 88",suoramyynti@suomalainen.com,suoramyynti
"KESKO FOOD LTD","SATAMAKATU 3,HELSINKI FIN-00016 KESKO",玩具,芬兰,"SARI SLAMA",,"00358 1053 22291/22247/505118915","00358 9 3426909/1053 23485",SARI.SLAMA@KESKO.FI,SARI.SLAMA
"TRANSPEN OY","MYLLYNUMMENTIE 7 KERAVA",玩具,芬兰,"ERKKI KLAMI",,"00358 9 27451522/407520721","00358 9 27451551/2947212",ERKKI.KLAMI@TRANSPEN.FI,ERKKI.KLAMI
"Bauer Nike Hockey Finland","Pakkalankuja 6, FI 01510, Vantaa",玩具,芬兰,,,"00358 9 41 35 67 00","00358 9 41 35 67 10",jukka.viitalahti@bauernike.com,jukka.viitalahti
"KHF Finland Oy","Kaukjarvi, FI 31300, Tammela",玩具,芬兰,"Jaana Moberg",,"00358 3 4 14 21","00358 3 4 35 13 40",khf@khf.fi,khf
"BONGE OY","MAKELANKATU 13,FIN-00550 HELSINKI",玩具,芬兰,"SEPPO TAMMINEN",,"00358 9 701 4075","00358 9 701 4271",info@bonge.fi,info
"K A Weiste Oy","Kalle Weisteen k 4, FI 00720, Helsinki",玩具,芬兰,"Matti Weiste",,"00358 9 35 18 00","00358 9 3 45 43 39",legend@weiste.fi,legend
"SUNWISE FINLAND OY","HELOITTAJANKATU 1,FIN-15520 LAHTI",玩具,芬兰,"RICHARD CAIRNS",,"00358 3 7642402","00358 3 7642389",etunimi.sukunimi@sunwise.fi,etunimi.sukunimi
"TOP-SPORT OY","PULTTITIE 1,00880 HELSINKI",玩具,芬兰,"MARIA RITSCHKOFF",,"00358 9 75516222/505661880","00358 9 75516200",MARIA.RITSCHKOFF@TOPSPORT.FI,MARIA.RITSCHKOFF
Piruetti,"Kauppak 14, FI 33210, Tampere",玩具,芬兰,,,"00358 3 2 12 63 33","00358 3 2 12 51 33",piruetti@yritystele.fi,piruetti
"CLASSIC GOLF","KEILANIEMENTIE 3,FIN-02100 ESPOO",玩具,芬兰,"TUSANI VIRTANER",,"00358 9 445 975","00358 9 445 973",class.golfin@fi,class.golfin
"Suomen Kenttavaruste Oy","Tauskonk 31, FI 33720, Tampere",玩具,芬兰,"Raimo Viljanen",,"00358 3 3 17 42 00","00358 3 3 17 42 01",keva@sci.fi,keva
"MEGA FREE ZONE","CRA.106 NO.15-25 BODEGA 22A2,BOGOTA ZONA FRANCA-P.O.BOX 6763 SANTAFE DE BOGOTA,D.C.",玩具,哥伦比亚,"GUSTAVO GOMEZ",,"0057 1 2846862","0057 1 2848669",MEGAFREEZONE@HOTMAIL.COM,MEGAFREEZONE
"DISTRIBUIDORA LOS ANGELES","CRA. 19 NO. 12-60 OF.100 CENTRO COMERCIAL FECOMERCOL BOGOTA D.C.",玩具,哥伦比亚,"OCTAVIO AGUILAR",,"0057 1 2877747","0057 1 3704789",ANGELO107@LATINMAIL.COM,ANGELO107
NINTENDOMANIA,"CARRERA 4 NO.14-50 OFICINA 810 EDIFICIO ATLANTIS CALI",玩具,哥伦比亚,"ALFONSO NINO ZULUAGA",,"0057 2 8855665/35756203","0057 2 8800405",NINTENDOMANIA@STARMEDIA.COM,NINTENDOMANIA
"AMJEL‘S REPRESENTACIONER","CARRERA 56 NO.7-96 OESTE",玩具,哥伦比亚,"JUAN PABLO TORRES ROZO",,"0057 2 5513851/3108622182","0057 2 5521030","AMJELS@ETB.NET.COM,JUANPATORRES@ETB.NET.COM",AMJELS
BENHABITAT,,玩具,哥伦比亚,57-1-6205455,,"Ing. Juan Carlos Guaqueta",57-1-6205400,proyectos@benhabitat.com,proyectos
"AGROPETS DISTRIBUIDORA","CALLE 40 SUR NO. 30-59 ENVIGADO ANTIOQUIA  055421 COLOMBIA",玩具,哥伦比亚,57-4-3313093,,"Alejandro Ruiz",,intbuyeragropets@gmail.com,intbuyeragropets
"CONSUMO CTDA-EXIM COLOMBIA","CALLE 134 NO 13-83 OFICINA 122, P.O.BOX 180120",玩具,哥伦比亚,"CLOTARIO MORENO",,"0057 1 5200010","0057 1 6331617",EONSUMOLTD_@CABLE.NET.CO,EONSUMOLTD_
"CAROLINA MEDINA URIBE","CALLE 35 # 5SUR-350 MEDELLIN ANTIOQUIA COLOMBIA",玩具,哥伦比亚,57-4-3124380,,"CAROLINA MEDINA URIBE",,caritomedinau@hotmail.com,caritomedinau
"CAROPA IMPORTACIONES LTDA.","CLL.16 NO 41-210 OF.902 MEDELLIN",玩具,哥伦比亚,"MARIO GIRALDO G.",,"0057 2686050","0057 2660893",CAROIMP@HOTMAIL.COM,CAROIMP
"PRORELA S.A.","25 MTS.SUR DE LA CASTELLANA",玩具,哥斯达黎加,"GILBERTO LOPEZ JARAMILLO",,"00506 221 9572","00506 222 0656",GISUMA@SOL.RACSA.CO.CR,GISUMA
"PIERDANT CONSTRUYENDO MARCAS","CENTENO 44-A COL.GRANJAS ESMERALDA,MEXICO CITY",玩具,国外,"FRANCISCO PIERDANT",,"0052 55 91515930","0052 55 91515952",FP_PIERDANT@MAXCOM.NET.MX,FP_PIERDANT
"CORF TRADE D.O.O.","MONTENEGRO,PODGORICA",玩具,国外,"MAKSIM RONCEVIC",,"00381 81 637243/625746","00381 81 621927",MAXO@CG.YU,MAXO
"JIAN PENG TRADING PTE LTD.","141A JOO CHIAT PLACE",玩具,国外,"TONY SUTRISNO",,"0065 90181838","0065 3449470",TONYSUTRISNO@HOTMAIL.COM,TONYSUTRISNO
"COAST LAND SERVICE & SOLUTION LTD.","68-3180 EAST 58TH AVE. VANCOUVER,B.C.",玩具,国外,"HAIWEI ZHENG",,"001 604 4382993","001 604 4382991",HAIWEI@CLEAR.NET.NZ,HAIWEI
"A-OKEY, INC, USA","805 AIRFIELD LANE MIDLAND, MI",玩具,国外,"MARTIN CHAN",,"001 989 6311005","001 989 63115571",GEORGE@A-OKEY.COM,GEORGE
NATURA,"AVNOJA 44 81000 PODGORICA MONTENEGRO",玩具,国外,"MAKSIM RONCEVIC",,"00381 81 637243/67625746","00381 81 637243",MAXO@CG.YU,MAXO
"KIS MING LING IMPORT","P.O.BOX 285 PAPEETE TAHITI FRENCH POLYNESIA",玩具,国外,"Mr.TSANG FRANCKY",,"00689 788528","00689 429329",kis298@hotmail.com,kis298
"POINT PLUS ENTERPRISES GROUP(U.S.A.) CORP.","924 E.MAIN STREET,#105,ALHAMBRA,CA 91801",玩具,国外,"JINKO NEE",,"001 626 3005817/6410765","001 626 3009315",JINKO@EYOU.COM,JINKO
"LP SUPPORT","BEOGRAD,U.PALMEA 24",玩具,国外,,,"00381 11 3430731","00381 11 3434281",TALIBANTRAVEL@YAHOO.COM,TALIBANTRAVEL
"Toys Shop","PAPEERE.TAHITI FRENCH POLYNESIA",玩具,国外,"Mr. JEAN SIN",,"00689 413710/428982/772118","00689 436526",CHOICE-MARKET@MAIL.PF,CHOICE-MARKET
"TNS GROUP",ATYRAU,玩具,哈萨克斯坦,"RUSLAN I.PAKHRUTDINOV",,"007 3007664322",7,TNSRUS@NURSAT.KZ,TNSRUS
"REDFACE OUTDOOR LIFE","281-2,GAMBUK-DONG,HANAM-SI,KYUNGGI-DO",玩具,韩国,"YUNGSUN YOO",,"0082 2 4855283","0082 2 4855284",REDFACE58@HOTMAIL.COM,REDFACE58
"SUNG KYUNG CO.,LTD.","32-4HO,4-KU,YANGPYUNG-DONG,YOUNGDEUNGPO-KU,SEOUL",玩具,韩国,"SE WON,OH",,"0082 2 26365248/26365249/192606758","0082 2 26365339",NAVYUDT@KOREA.COM,NAVYUDT
"GPS CORPORATION","RM.NO.407 JEIL BLDG.832-6,YEOKSAM-DONG KANGNAM-KU,SEOUL",玩具,韩国,"KENNY SEO",,"0082 2 62076880/1191896880","0082 2 62076881",KENNYSEO3@HOTMAIL.COM,KENNYSEO3
"SCIENCE MEDIA","汉城江南区都曲洞416-2南营B/D,6F",玩具,韩国,"KIM HYEK GEE",,"0082 2 5625908/112828252","0082 2 5297561",SCIENCEMEDIA@EMPAL.COM,SCIENCEMEDIA
"MJ ENTERPRISE","626-4 HADAN 1DONG SAHA GU PUSAN 604848 KOREA",玩具,韩国,82-51-2043017,,"RO EUN JOO",82-51-2043571,hana@hanaexpo.net,hana
"DNS INT'L CO., LTD.","931-13 2F DEOKYI-DONG, ILSANSEO-GU, KOYANG CIT KYONGGI-DO",玩具,韩国,9230722,,S.Y.KWON,9230728,lucas888@naver.com,lucas888
"WOOJIN CHARACTER","4F DUJI B/D, 353-18 SHINDANG-DONG CHUNG-GU, SEOUL",玩具,韩国,"KANG-WON JEONG",,"0082 2 22374017/22374018/22375061/114121894","0082 2 22375064",WOOJIN67@KORNET.NET,WOOJIN67
"APPLEBEE PUBLISHING INC",,玩具,韩国,82-2-3652505-111,,"sun young kim",82-3652505-111,sun4889@applbeebook.com,sun4889
UBIPARTS,"#413, SUNKYUNGOFFICETEL, 106-4 GURO5-DONG, GURO-GU, SEOUL, KOREA 152-055 KOREA",玩具,韩国,822-61045011,,822-61045011,822-61045012-2,kyu@ubiparts.com,kyu
"AIS‘ON ENTERTAINMENT","3F,KWANG JIN BLDG,945-8,DOGOK-DONG,KANGNAM-GU,SEOUL",玩具,韩国,CHOI,,"0082 2 34637750/34637752/117267750","0082 2 5775221",ONDALDIO@KORNET.NET,ONDALDIO
INTOTECOS,"3F 12-1 JONGRO5GA JONGRO SEOUL KOREA 439-453 KOREA",玩具,韩国,82-2-7660948,,"kim jai hwan",82-10-23670948-10,intothecos@naver.com,intothecos
"ARTBOX CO., LTD.","1490-25,SEOCHO-DONG,SEOCHO-KU,SEOUL",玩具,韩国,"KYUNG WHA KIM",,"0082 2 5200222","0082 2 5228968",KWKIM@ARTBOX.CO.KR,KWKIM
"OKU Hobby Speelgoed BV","Zonnebaan 30, NL 3606 CB, Maarssen",玩具,荷兰,"F. de Vries",,"0031 30 2410059","0031 30 2414617",info@oku.nl,info
"Keptin Jr.","Denemarkenweg 1, NL-2411 RK Bodegraven, Netherlands",玩具,荷兰,"Dhr. W. Flendrie",,"0031 172 617831","0031 172 610175",info@keptin-jr.com,info
"Motor Import A. J. Huige B.V.","Alexander Handelscentrum, Aluminiumstraat 11, NL-3067 GS Rotterdam, Netherlands",玩具,荷兰,"Dhr. A.J. Huige",,"0031 10 4550699","0031 10 4555144",mimportajh@cistron.nl,mimportajh
"Middelink BV","Postbus 580, NL-7300 AN Apeldoorn, Netherlands",玩具,荷兰,"Dhr. G. Wassink",,"0031 55 5223355","0031 55 5223457",middelink@tref.nl,middelink
"Kempenaar BV","Lange Amerikaweg 73, NL 7332 BP, Apeldoorn",玩具,荷兰,"T. Kempenaar",,"0031 55 5332360","0031 55 5331354",info@Kempenaar.nl,info
"Ikab Chemicals BV","Minervum 1710, NL-4817 ZH Breda, Netherlands",玩具,荷兰,"MR. A. Vermeulen",,"0031 76 5717174","0031 76 5717175",info@ikab.nl,info
"Der Karnevalwierts BV","Oude Roderweg 2, Industrieterrein De Beitel, NL-6422 PE Heerlen, Netherlands",玩具,荷兰,"Dhr. R. Wierts",,"0031 45 5490555","0031 45 5427966",wiert000@wxs.nl,wiert000
"Oosterbeek Verpakkingen BV","AHG Fokkerstraat 22-A, NL-9403 AP Assen, Netherlands",玩具,荷兰,"Dhr. E. Trum",,"0031 592 347272","0031 592 346664",info@oosterbeekverpakkingen.nl,info
"Snoek C.S.A. BV.","Recht van ter Leede 28 B, NL-4143 LP Leerdam, Netherlands",玩具,荷兰,"Dhr. R. Snoek",,"0031 345 599360","0031 345 599758",rsnoek@snoek.com,rsnoek
"Icoma World","Mangaanweg 5, NL-8471 XJ Wolvega, Netherlands",玩具,荷兰,"Mevr. M.E.M Noordam",,"0031 561 689165","0031 561 689174",m.noordam@babico-toys.com,m.noordam
"Tower Holland","Marsdiep 15, NL-8321 MC Urk, Netherlands",玩具,荷兰,"Mr. R. Brands",,"0031 527 686185","0031 527 682860",towertoys@planet.nl,towertoys
companyName,companyAddress,companyIndustry,companyCountry,companyContacts,companyTel,companyPhone,companyFax,companyMail,userName
PIU,"kkktytuk, ALBANIA",玩具,阿尔巴尼亚,,,6865,86589758,gfr@rhe.emnt,gfr
"SARL KTC",ALGER,玩具,阿尔及利亚,BOUALEM,,"00213 21 284912","00213 21 283507",SARLINICOM@HOTMAIL.COM,SARLINICOM
"DDAS ETS KESSAL SPORTS","RUE MERIEM ABDELAZIZ B.E.O ALGER, 16019 B.P 17 EL KETTANI",玩具,阿尔及利亚,"Mr. KESSAL MOHAMED RACHID",,"00213 21 962108","00213 21 962634",KMR_TRG@HOTMAIL.COM,KMR_TRG
SAFARITOURS,"ANNASSERS 2 BT 21 NES ALGIERS",玩具,阿尔及利亚,MR.RAMDANI,,"00213 21 278252","00213 21 278272",SAFARITOUR@CONMAIL.COM,SAFARITOUR
"ETABLISSEMENT M. AMINE","02,AVENUE MALIKA GAID TAGARINS EL-BIAR",玩具,阿尔及利亚,"GHAOUTI MOURAD",,"00213 21 908252/61513708","00213 21 908252",MOURADGHA@YAHOO.FR,MOURADGHA
bluenavy,"NO 302 Qianshan Road Anshan Liaoning",玩具,阿富汗,Ann,,67800247,,xiebl@ec.com.cn,xiebl
"VEDE SA","LARRAZABAL853 (1440) CIUDAD AUTONOMA DE BS.AS",玩具,阿根廷,"VICENTE DE STEFANO",,"0054 11 46441133","0054 11 46441133",VEDE@SION.COM,VEDE
"QIXIANG(ARGENTINA)IMPORTACION&EXPORTACION CO.,LTD","Azcuenaga 18 Bs.As.Cap.Fed .Argentina",玩具,阿根廷,,,005491154972578,00541149535198,rendongx@yahoo.com.cn,rendongx
"CECIL‘S S. R. L.","RONDEAU 712 (1704) RAMOS MEJIA BS. AS.",玩具,阿根廷,"MIRTA GEY DE. KOMATSU",,"0054 11 46580796/46581525","0054 11 46580796/46581525",KOMATSU@ARNET.COM.AR,KOMATSU
"PRO SMART S.A.","PEREYRA LUCENA 2582 6TO A BUENOS AIRES",玩具,阿根廷,"EDUARDO STANISLAVSKY",,"0054 11 48038392","0054 11 48038392",PROSMART@FIBERTEL.COM.AR,PROSMART
"JUEBIL SRL","ANGEL GALLARDO 573-(1405) CAP.FED.BUENOS AIRES",玩具,阿根廷,"JAVIER DUBIN",,"0054 11 48541311/48544565","0054 11 48541311",LASVEGAS@JUEGOSDESALON.COM,LASVEGAS
"ABU KHALID EXHIBITION (L.L.C.)","MURSHID BAZAR,AL BADOOR STREET,DEIRA DUBAI (P.O.BOX:39427)",玩具,阿拉伯,"FAISAL MOHAMAD",,"00971 4 2266503/2621095/504502947","00971 4 2255310",abkhalid@emirates.net.ae,abkhalid
"SALEM AL JABRI TRADING EST.","P.O.BOX 27571 SHARJAH",玩具,阿拉伯,"KHALID SALEM AL JABRI",,"00971 6 5331173/5431173/506450223","00971 6 5327032/5421032",JABPLAST@EMIRATES.NET.AE,JABPLAST
"COOL PLUS A/C & REFRIGERATION SPARE PARTS TRADING CO.","P.O.BOX 113930,DEIRA, DUBAI,U.A.E.",玩具,阿拉伯,,,97142234622,97142276800,coolplus@emirates.net.ae,coolplus
"DIAWORLD LTD.","APT 1510,BLDG#C AL-TAWAN ROAD,SHARJAH",玩具,阿拉伯,"K.A.H.SHAMIM AHSAN",,"00971 507951617/507951807","00971 605531310",SIGNET@HOTMAIL.COM,SIGNET
"JACKYS ELECTRONICS LLC","P.O. BOX 13745,AIRPORT ROAD,DUBAI,U.A.E.",玩具,阿拉伯,,,(971-4)2821822,(971-4)2821474,dubai@jackys.com,dubai
"AKP WORLDWIDE EXPORTS","P.O.BOX 44726 DUBAI",玩具,阿拉伯,"NAVIN JESWANI",,"00971 504932795",,AKPDUBAI@YAHOO.COM,AKPDUBAI
"SPORTS GALLERY","MURSHID BAZAR,NEAR UNITED BANK,DUBAI(P.O.BOX:33623)",玩具,阿拉伯,"AYOUB KHADEMI",,"00971 4 2251667/2260092/506240157","00971 4 2260092",ORLSPORT@EMIRATES.NET.AE,ORLSPORT
"SINDBAD TRADING CENTRE","AL AIN",玩具,阿拉伯,"AREF REZA",,"00971 3 7655847/506430229",,"SINDBAD911@HOTMAIL.COM,A9R9E9F@HOTMAIL.COM",SINDBAD911
"SILVER BALL SPORTS","AL GHURAIR &amp; SONS BLDG.113/65 SOUQ AL KABEER STREET SHOP NO.5 DUBAI(P.O.BOX:15084)",玩具,阿拉伯,,,"00971 4 2267487","00971 4 2291775",HITUP2002@HOTMAIL.COM,HITUP2002
"QIANQIU GIFT CO.LLC","P.O.BOX:62726 DUBAI",玩具,阿拉伯,"CAO AIDI",,"00971 4 2250449/7462837","00971 4 2250448",QIANQIU@CHINA-GINGKO.COM,QIANQIU
"BUOMRAN TRADING CO.(L.L.C.)","P.O.BOX:64487,DUBAI",玩具,阿拉伯,HASHIM,,"00971 4 2250234/506242735","00971 4 2262868",BUOMRAN95@HOTMAIL.COM,BUOMRAN95
"POINT MARKETING (FZ)","P.O.BOX 44420 DUBAI",玩具,阿拉伯,"JANET D.",,"00971 50 6545423","00971 50 5182456",POINTMARKETING@SERVICE.COM,POINTMARKETING
"EZONE TRADING COMPANY LINTED",,玩具,阿联酋,97142522535,,"M.SABOUH SASILA",,ezone0086@hotmail.com,ezone0086
"CARLSON INDUSTRIES",,玩具,阿联酋,97143978731,,"Preeti DSouza",97143978732,discoverhomes@gmail.com,discoverhomes
"MALUANKAR TRADING CO.(L.L.C.)",,玩具,阿联酋,"04 2260031",,BILAL,"04 2260031",bilalpotrrick@yahoo.com,bilalpotrrick
"TAGS GENERAL TRADING LLC",,玩具,阿联酋,971-4-4392344,,"HUSSEIN FTOUNI",971--4392355,ftouni@emirates.net.ae,ftouni
"ROYAL CREATIVE GENERAL TRADING LLC","108, AL FARDAN BLD, AL NAHDA SHARJAH SHARJAH 000000 U.A.E.",玩具,阿联酋,971-6-5306797,,"BENOY VARGHEESE",971-6-5306727,rctuae@eim.ae,rctuae
"YAHYA SAIF AL RASHDY","P.O.BOX 1746 RUWI,P.C.112,OMAN",玩具,阿曼,,,714654,714850,mandoos@omantel.net.om,mandoos
"AL BASAMAT AL MOSHREQA TRADING","AL-RUSTAQ SUITANATE(P.O.BOX 327)",玩具,阿曼,"KHALFAN AL-HAMRASHDI",,"00968 868090/9325697","00968 870075",ALBASAMA@OMANTEL.NET.OM,ALBASAMA
"THE BABY SHOP LLC","P.O.BOX 854,AL KUWAIR,PC 133",玩具,阿曼,"VINOD TALREJA",,"00968 698988","00968 697064",CPOMAN@GTO.NET.OM,CPOMAN
"TASSMEM EGYPT","2-AL QURITY ST - FASIL GIZA 121011",玩具,埃及,06930624,,"ahmed ali",16688088,eng_sheta@hotmail.com,eng_sheta
"EL BEIT EL ABIAD","82 SHOUBRA ST.,CAIRO",玩具,埃及,JOSEPH.RAOUF,,"0020 2 4571043","0020 2 2035909",JORAOUF@YAHOO.COM,JORAOUF
"EL-HODA TOYS",CAIRO,玩具,埃及,"WALEED IBRAHAIM ELDESOKY",,"0020 2 5232708/101430865","0020 2 332096/5232608",WALEED_ELDESOKY@HOTMAIL.COM,WALEED_ELDESOKY
"MODERN ARAB CENTRE","401 RAMSIS ST.,EL ABASIYA-CAIRO(P.O.BOX 32 ABBASIA)",玩具,埃及,"MOHAMED R.EL.MELIGI",,"0020 2 4828356/6832270","0020 2 4828356",SHADEN99@LINK.NET,SHADEN99
"DELTA DISTRIBUTION CO.","16 ABDE KHALIK THARWAT DOWN TOWN CAIRO EGYPT",玩具,埃及,20-2-23956633,,"Tamer Amin",20-2-23906999-2,amin@deltadco.com,amin
"INTERNATIONAL FOR CONTRACTING AND WATER TREATMENT","EL HARAM - 53 ABUL FOTOH BUILDINGS GIZA",玩具,埃及,"ENG.ESSAM MARWAN",,"0020 2 5822942/5822943/5823778/123172770","0020 2 5832662",ESSAM@ICWATERT.COM,ESSAM
"COMET INT‘L.,INC.","6A EBN-MALEK STREET,GIZA 12311(P.O.BOX:489-DOKKI.)",玩具,埃及,"MOHAMED TAWFIK",,"0020 2 3610652/3376752","0020 2 3376752/3837536",COMET@ACCESS.COM.EG,COMET
"WORLD HEALTH CLUB","34 AHMED EUMAIL ST.EL MASAKE (EL KOMIA) EL-SHARKIA",玩具,埃及,"MR.TAMER EL KILANY",,"0020 101577551","0020 55 2347676",TAMERGYM2001@HOTMAIL.COM,TAMERGYM2001
PERSONAL,SHARKAI,玩具,埃及,"KALED M.ABDULRHMAN",,"0020 123662077",20,MENA123123@HOTMAIL.COM,MENA123123
"AL HODA TOYS","81/9ST.HDAAEK EL MAADI,CAIRO",玩具,埃及,"WALID EL DESOUKI",,"0020 2 5232708/105458811","0020 2 5232708",EGYSUB@HOTMAIL.COM,EGYSUB
"NEGMET ABDEEN PLAZA IMPORT & EXPORT CO.","12 HASAN EL AKBAR STREET ABDEEN CAIRO",玩具,埃及,"SHERIF NAGEB",,"0020 2 3955045/122463306","0020 2 3959763",ABDEENPLAZA@HOTMAIL.COM,ABDEENPLAZA
"RAINBOW TRADE","12 GAMED EL-DWAL ST. MOHANDISEEN CAIRO",玩具,埃及,"BASSEM KHALIL",,"0020 101700116","0020 101703999",RAINBOWTRADE@LINK.NET,RAINBOWTRADE
"T.J.C., LTD.","UNIT 33, ROBINHOOD IND. EST.,DUBLIN 22",玩具,爱尔兰,"EBEL FORLEY",,"00353 1 450 53 03","00353 1 450 50 35",enquiry@tjc.ie,enquiry
"JOHNNIE FOX‘S PUB","GLENCULLEN,CO.DUBLIN",玩具,爱尔兰,"FRED RAINERT",,"00353 1 2955647/877656067","00353 1 2586034",FRED@JFP.IE,FRED
"J.C.WALSH & SONS LTD.","RATHFARNHAM VILLAGE,DUBLIN 14",玩具,爱尔兰,"STEPHEN WALSH",,"00353 1 4904636","00353 1 4901194",STEPHEN@CONNEMARAMARBLE.COM,STEPHEN
"J. LANGDON, LTD.","BURTON HALL RD., SANDYFORD PRK,DUBLIN 18",玩具,爱尔兰,MR.BRIAN,,"00353 1 295 55 33","00353 1 295 77 15",brian@jlangdon.ie,brian
"INTROSPORTS LTD","KILOWER,BELCLARE,TUAM,CO.GALWAY",玩具,爱尔兰,"JOHN LUDDEN",,"00353 93 55815/868048854","00353 93 55815",SALES@INTROSPORT.IE,SALES
"HEMAC INTERNATIONAL TRADING IRELAND","LEVEL 1 ROSEMOUNT FACTORY 65 ROSEMOUNT AVENUE DERRY CITY NORTHERN IRELAND BT48 0HL",玩具,爱尔兰,"MR.BILL HEHWEY",,"0044 28 71284958","0044 28 71284958",INFO@HEMAC-INTERNATIONAL.COM,INFO
"SHININGSTAR VENTURES LTD","UNIT 10 BLOOMFIELDS S.C. DUN LAOGHAIRE CO.DUBLIN IRELAND",玩具,爱尔兰,00353-1-2809360,,"Lianzhong Nao",00353-1-2809360,shiningstar919@gmail.com,shiningstar919
"LINDMAE SPORT OU","Forelli 12 Tallinn",玩具,爱沙尼亚,"ULLE LINDMAE",,"00372 6571707","00372 6571708",rein.lindmae@mail.ee,rein.lindmae
"Q-MARKETER OU","Tartu mnt 83 Tallinn",玩具,爱沙尼亚,"IVARI MAAR",,"00372 6010656 /6010657","00372 6010658",ivari@uninet.ee,ivari
"RAJOLTY-GESTAO DE EMPREENDIMENTO LTD.","RUA DA LIGA AFRICCANA 17,LUANDA,P.O.BOX.16486",玩具,安哥拉,"Mr.MATOS CARDOSO",,"00244 2 447216/449689","00244 2 447216",josemqmatoscardoso@hotmail.com,josemqmatoscardoso
"Yilala Arts Company",yilala,玩具,安提瓜和巴布达,yilala,,010-67800253,,add@ec.com.cn,add
"WS-TELESHOP INT‘L. HANDELS","RICOWEG OBJEKT, 07,A-2351 NEUDORF",玩具,奥地利,,,"0043 22 366 44 53","0043 2236 644 58",OFFICE@TELESHOP.AT,OFFICE
"Ravensburger GesmbH","Josef Madersperger Strasse 5, A-2362 Biedermannsdorf, Niedersterreich, Austria",玩具,奥地利,,,"0043 2236 72055","0043 2236 72059",INFO@RAVENSBURGER.COM,INFO
"VDG AKTIENGESELLSCHAFT",,玩具,奥地利,437323738241,,Eder,07323738318,heimteil@vog.at,heimteil
"Eybl Sportbau GesmbH","Magazinstrasse 8-10, A-4600 Wels, Obersterreich, Austria",玩具,奥地利,"Herr Gerhard Pierer",,"0043 7242 658360","0043 7242 6583623",office@eybl-sportbau.at,office
"PEKO PETER KOREN HANDELS-GES.M.B.H.","LOWENTHALGASSE 6,A-1231 VIENNA",玩具,奥地利,"PETER KOREN",,"0043 1 8655728/29","0043 1 8655730",office@pekohandel.at,office
"KOLBESBERGER GESMBH","PLAINBACHSTRASSE 6 A-5101 SALZBURG BERGHEIM",玩具,奥地利,"GERHARD KOELBESBERGER",,"0043 662 451014","0043 662 451014 EXT.14",GWK@KOLBESBERGER.AT,GWK
"MAMMUT TOKO GES.MBH","ARLBERGSTR. 76,A-6900 BREGENZ",玩具,奥地利,,,"0043 7252 46051","0043 7252 460 5190",office@tuda.at,office
"SPORTLOWE WARENVERTRIEBS","POSTGASSE 16,A-1010 WIEN",玩具,奥地利,LOWE,,"0043 1 53 34 48 90","0043 2221 532 10 38",SPORTLOWE@SPORT2000.AT,SPORTLOWE
"Kogler Otto","Gussstahlwerkstrasse 21, A-8750 Judenburg, Steiermark, Austria",玩具,奥地利,"Herr Otto Kogler",,"0043 3572 83178","0043 3572 86428",kogler@aon.at,kogler
"FUN STYLE","SCHOTTENFELD, 60/24,A-1070 WIEN",玩具,奥地利,"DR. E. TREE",,"0043 1 526 7210","0043 1 526 6340",tree@funstyle.com,tree
"Ing.Stanzel & CO Sportgeraetebau","Michtnergasse 16, A-1210 Wien, Wien, Austria",玩具,奥地利,,,"0043 1 2725757","0043 1 7587716129",stako@stako.at,stako
"COLORIFIC AUSTRALIA","3-5 Awun Crt Springvale VIC 3171",玩具,澳大利亚,"PETER DEREK LEVI",,"0061 3 9547 7177","0061 3 9547 7188",SALES@COLORIFIC.COM.AU,SALES
"VANGUARD ELECTRONICS INTERNATIONAL (AUSTRALIA) PTY.LTD.","104 RESERVE RD,ARTARMON NSW",玩具,澳大利亚,"FEI-WU WANG",,"0061 2 99668847","0061 2 99668847/99061144",FAYYANG@FIRSTLINK.COM.AU,FAYYANG
"EDUCATIONAL COLOURS PTY LTD","43 Burgess Rd Bayswater,VICTORIA 3153",玩具,澳大利亚,"JOHN D. FITZ-GIBBON",,"0061 3 97290788","0061 3 97205261",JOHNF@EDCOLOURS.COM.AU,JOHNF
"TECBO AUSTRALIA SPORTS CO.","38 CANNONS PDE.FORESTVILLE NSW",玩具,澳大利亚,"YA-QIAN ELSEVE.ZHOU",,"0061 2 94020923","0061 2 94020923",TECBOAUSTRALIA@HOTMAIL.COM,TECBOAUSTRALIA
"HARVEY NORMAN BIG BUYS","233 PARRAMATTA ROAD AUBURN SYDNEY, NSW AUSTRALIA",玩具,澳大利亚,61-2-9202-4576,,"Milan Tasic",,milan.tasic@au.harveynorman.com,milan.tasic
"Jonan Ceramics Pty Ltd","1007 Mountain Hwy, 3155, Boronia",玩具,澳大利亚,"N Hawkes",,"0061 3 9729 8111","0061 3 98445099",DOLLSDEN@HOTMAIL.COM,DOLLSDEN
"SUGAR BLOSSOM IMPORTS","26 AVOCA STREET KINGSCLIFF AUSTRALIA",玩具,澳大利亚,61-487-583487-61487583487,,"Sandra Youlten",,sugarblossom.imports@gmail.com,sugarblossom.imports
"WALK ON WHEELS NSW PTY LTD.","7/301 HILLSBOROUGH RD, WARNERS BAY",玩具,澳大利亚,"Mr. PETER WILSON",,"0061 2 49466767","0061 2 49466767",WOWNSW@DINGOBLUE.NET.AU,WOWNSW
"CHESTER BEAR COTTAGE","41 THOMAS ST.,WALLSENDNSW 2287",玩具,澳大利亚,,,"0061 2 49515010","0061 2 49558078",TEDDYBEAR@IDL.NET.AU,TEDDYBEAR
"MAKE-KIT PTY.LTD.",,玩具,澳大利亚,61-02-97381084,,"Brad Bryant",,bradbryant11@gmail.com,bradbryant11
"R P DEAN & COMPANY PTY LTD","27-31 King William St Kent Town SA 5067",玩具,澳大利亚,"PETER DEAN",,"0061 8 8363 0500","0061 8 8363 1291",RPDEAN@TNE.NET.AU,RPDEAN
"Gibson Importing Co Australia Pty Ltd","77-79 Tulip St, 3192, Cheltenham",玩具,澳大利亚,"Walter Gibson",,"0061 3 9583 9966","0061 3 9583 9321",GIBSON@GIBIMP.COM.AU,GIBSON
"C. A. L. F. TRADING CO.","RUA BRUXELAS,S/N (S-X) EDF JARDIM HANG KEI,BLK. 4,6FLOORS",玩具,澳门,"CARLOS A. L. FARIA",,"00853 6861700","00853 751195",CALF@MACAU.CTM.NET,CALF
"YANG CHENG ENTERPRISE CO.,LTD.","9/F.,LUSO INTERNATIONAL BANK BUILDING,NO.1-3RUA DR.PEDRO JOSE LOBO",玩具,澳门,"YANG SHIBAO",,"00853 336992","00853 590531",SBYANG21@HOTMAIL.COM,SBYANG21
"FULL-WIND TRADING & MARKETING COMPANY LTD.,","AVENIDA DA AMIZADE NO. 1023,EDIF.NAM FONG, FLAT E&amp;F, 3RD FLOOR,MACAU SAR",玩具,澳门,,,(853)703869,(853)701276,info@fullwind.com.mo,info
"MACAU NEW TECHNOLOGIES INCUBATOR CENTRE","AVN.XIAN XING HAI,S/N,EDF.ZHU KUAN C.C.,6 ANDAR B",玩具,澳门,"JEFF Y.K.LEE",,"00853 710566","00853 710565",JEFF_LEE@MANETIC.ORG,JEFF_LEE
"FOK LONG TRADING CO.MACAO","RUA FRANCISCO XAVIER PEREIRA 181 22/FG.",玩具,澳门,"LEI CHUN FOK",,"00853 512640",853,FCLEI@PUD.ZHONGSHAN.GD.CN,FCLEI
"SUNNY LAND INVESTMENT CO.,LTD","RM 2204-2208, LUSO INT'L BANK 1-3 RUA DR.PEDRO JOSE LOBO. MACAU, CHINA MACAU SAR",玩具,澳门特别行政区,0085328712530,,"Carman Kwok",0085328713373-853,carman@sunnyinv.com,carman
山海集團,,玩具,澳门特别行政区,853-62231288,,"Michelle Wong",853-62231288,michellewong@honhoigroup.com,michellewong
"AMUSEMENT BAHAMAS CO LTD.","P.O.BOX CR-55050 NASSAU",玩具,巴哈马,"DR.CHRISTOPHER BASDEN",,"00242 3610935","00242 3610935",CJB@BATELNET.BS,CJB
"THE MEDI CENTER MEDICAL CLINIC","P.O.BOX CR-55050 NASSAU",玩具,巴哈马,"DR.CHRISTOPHER BASDEN",,"00242 3610935","00242 3610935",CJB@BATELNET.BS,CJB
"JUMP STEP IND CORIP","DEPUTY BAGH ST#2 SIALKOT",玩具,巴基斯坦,FAISAL-REHMAN,,"0092 432 586874/590371","0092 432 271978/272223",JUMPSTEP@BRAIN.NET.PK,JUMPSTEP
"AKHAI ENTERPRISES","103-K,BLOCK-2,P.E.C.H.S.,SHAHAR-E-QUAIDEEN,KARACHI",玩具,巴基斯坦,"WASIF IJAZ",,"0092 21 4311601/4311605/3009276885","0092 21 4554127","WASIFEIJAZ@HOTMAIL.COM,AKHA@CYBER.COM.PK",WASIFEIJAZ
"IMPERIAL CORPORATION","2ND FLOOR,KARIM CHAMBERS,M.A.JINNAH ROAD,BOULTAN MARKET,KARACHI (P.O.BOX 4653,KARACHI)",玩具,巴基斯坦,"ZAFAR SAEED",,"0092 21 2411047","0092 21 2420827",KSON51@YAHOO.COM,KSON51
"NADEEM IMPEX","122,123, WAZIR MANSION NICOLL ROAD ,KARACHI",玩具,巴基斯坦,"EMAD ELAHI SHAMSI",,"0092 21 2434456/2423592/3008267031","0092 21 2434734",NADIMPEX@CYBER.NET.PK,NADIMPEX
"FITNESS FACTORY","SHOP NO.3,PLOT 6-C,4TH ZAMZAMA COMMERCIAL LANE,PHASE V,DEFENCE HOUSING AUTHORITY,KARACHI",玩具,巴基斯坦,"SHOAIB ANWARALI",,"0092 21 5878864","0092 21 5878864/5878865",FITFAC@SUPER.NET.PK,FITFAC
"AFEE TOYS CO","SIMGAPUR PLAZA BANK ROAD RAWAL PINDI",玩具,巴基斯坦,M.ASHFAQ,,"0092 51 555275","0092 51 555286",ASIDSA.PK@YAHOO.COM,ASIDSA.PK
"ANWAR HASSAN CO. LTD.","SHOP NO.80-81,BLOCK-A,2ND FLOOR,KHYBER MARKET,JAMRUD ROAD,INDUSTRIAL AREA,N.W.F.P.,PESHAWAR",玩具,巴基斯坦,"KHAN TAHSEER",,"0092 91 816717","0092 91 819294",TAHSEER@BRAIN.NET.PK,TAHSEER
"PEARL FOOD INDUSTRIES","PLOT NO.III-A-1/11,ADJ.DECENT HOSPITAL,NAZIMABAD NO.3,KARACHI",玩具,巴基斯坦,"ALI MOHAMMAD J.MORANI",,"0092 21 6681241/6616050","0092 21 6615717",MORAIN@CYBER.NET.PK,MORAIN
"ZIQI ENTERPRISE (ZIQI TOYS)","#2+9, SECTOR A-VI, KEPZ PO BOX 18700, LANDHI PAKISTAN",玩具,巴基斯坦,922135082329,,"Ali M. Baloch",922135082331-21,alibaloch@ziqitoys.com,alibaloch
"MASOODS AUDIOLOGY CENTRE","Suite No. G-8, Ground Floor Cliftonview Apartments Frere Town Near Teen Talwar, Karachi, Pakistan",玩具,巴基斯坦,,,92-21-5656178,92-21-5661428,anees@masoodaudiologyclinic.com,anees
"MOON LIGHT IMPORTADORA LTDA","EDIFICIO PANORAMA SECOND,TORRE A PISO 10 DPTO.1008 AV.CARLOS A.LOPEZ,CIUDAD DEL ESTE",玩具,巴拉圭,"DEEPAK ROHRA",,"00595 61 518481","00595 61 518481",MOONLIGHT@NEWNET.COM.PY,MOONLIGHT
"CASA FREE","SHOPPING FANTASTICO 1 PISO,CIDADE DEL ESTE",玩具,巴拉圭,"SIMON SHU",,"00595 61 500836","00595 61 502439/514204",SIMON@UCIC.NET,SIMON
"AUTO PLAZA","SHOPING CATARATA 2°PISO CIUDE DEL ESTE",玩具,巴拉圭,"TSENG MING-YI",,"00595 61 500836/973510817","00595 61 503487",SIMON@UNINET.COM.PY,SIMON
"MAJED MUSHTAHA AND SONS CO.","GAZA STRIP,VICTOR HUGO ST. 36/166,MAJED MUSHTAHA BUILDING,GAZA CITY,PALESTINE",玩具,巴勒斯坦,,,0097282862248,0097282822896,info@kingtoyspal.com,info
"MANACO INTERNATIONAL OFFICES",NABLUS,玩具,巴勒斯坦,"AMMAR BRAIK",,"00972 9 2384649",,MASRISAMER@HOTMAIL.COM,MASRISAMER
"HUSIEN ZAIN ELDEEN&SONS CO.","OMAR MUKHTAR ST.,GAZA",玩具,巴勒斯坦,"NABIL ZAIN ELDEEN",,"00972 8 2833319","00972 8 2860719",ZAINELDEEN2000@YAHOO.COM,ZAINELDEEN2000
"JASSIM TRADING & AGROSERVE W.L.L.","P.O.BOX 1059 MANAMA",玩具,巴林,"NABEEL J. AL SAYEGH",,"00973 701818","00973 701833",jassimt@batelco.com.bh,jassimt
"BAHRAIN INTERNATIONAL CIRCUIT - HOME OF MOTORSPORT IN THE MIDDLE EAST","Building 255, Road 62, Block 1062 Sakhir Manama",玩具,巴林,,,"Moahmmed Alansari",,m.alansari@bic.com.bh,m.alansari
"LIZA M.DE LEE","ACP,COLON",玩具,巴拿马,,,"00507 4437055",507,LLEE@PANCANAL.COM,LLEE
"POFI INTERNACIONAL S.A.","CALLE C ENTRE CALLES #15 Y#16 APARTADO 179 ZONA LIBRE DE COLON COLON",玩具,巴拿马,"JUDY HUNG",,"00507 4333651/4333649","00507 4333990",POFIINTERNATIONA@PA.INTER.NET,POFIINTERNATIONA
"INTERCONTINENTAL ZONA LIBRE","P.O.BOX #2067 COLON FREE ZONE",玩具,巴拿马,"JAVIER E. RABINOVICH",,"00507 4331469","00507 4415948",JR@INTZL.COM,JR
"GH IMPORT/EXPORT","CALLE 1ERA PH.LOS BOVEDAS APT.813",玩具,巴拿马,"CARLOS MAZA",,"00507 6202555",507,CARLOS_MAZA@HOTMAIL.COM,CARLOS_MAZA
EXP.SUNNY.S.A.,"APTDO.3248 ZONA LIBRE DE COLON",玩具,巴拿马,"NARESH K.AIDASANI",,"00507 4451824/4451963/6239444","00507 4416621",EXPSUNNY@SINFO.NET,EXPSUNNY
BARTERCENTER,"VIA RICARDO J.ALFARO, EDISON TOWER, PRIMER PISO(B.N.P.)",玩具,巴拿马,5073210210,,"Lic.Carlos Medina",5073210213,calmed@bartercenter.cc,calmed
"LYCOS TRADING","RUA PANONIA,262 MORUMBI-SAO PAULO",玩具,巴西,"WILSON LEE",,"0055 11 37737186/37444808","0055 11 37737186",WILSONLAW@UOL.COM.BR,WILSONLAW
"INSTITUTE OF POST GRADUATE STUDIES AND DISTANCE LEARNING","Nereu Ramos, 463 Blumenau Santa Catarina - ZIP/Post 89010-400",玩具,巴西,21027272-88259974,,"BERNARDO CALIXTO KNABBEN",21027251,bernardo@ipgead.com.br,bernardo
"BRINQUEDOS BANDEIRANTE S.A.","AV. VILA EMA 2208/58,03282 SAO PAULO, SP",玩具,巴西,"RUBENS F. FERNANDES",,"0055 11 6100 9000","0055 11 6100 9078",bband@brinquedosbandeirante.com.br,bband
DARDARA,,玩具,巴西,551133138284,,MR.FUAD,551133138284,dardara@uol.com.br,dardara
"FONTE AZUL ASSESSORIA E INT. DE NEGOCIOS LTDA",,玩具,巴西,55-11-38494866,,"Felipe Macedo",55-38494866,felipe@fonteazul.net,felipe
NATALIE,"AV.MARIA COELHO DE AGUIAR,573,SAO PAULO,SP",玩具,巴西,JOSE,,"0055 11 58517705","0055 11 58517705",NATALIE@NATALIE.COM.BR,NATALIE
"ISKISITA ATAKADO CIRNE IRMAOS & CIA LTDA.","RUA CEL. ESTEVAM,1424-ALECRIM-NATAL/RN-CEP 59.035-000",玩具,巴西,"SERGIO ROBERTO DE MEDEIROS CIRNE",,"0055 84 2133570","0055 84 2131865",ISKISITA@ISKISITA.COM.BR,ISKISITA
"QUALIMPORT COMERCIO DE IMPORTACAO E EXPORTACAO LTDA","AV.DO CAFE 130, SL22, CONCEICAO,SAO PAULO-SP,BRAZIL",玩具,巴西,,,55-11-55424335,55-11-5096-5916,paulozhu@hotmail.com,paulozhu
"BRAZIL TOYS","RUA SERGIPE,252-CEP 18.530-000-TIETE-SP",玩具,巴西,"EDEMAR J.INNAMI",,"0055 15 2828286/97710390","0055 15 2828286",INNAMI@FASTERNET.COM.BR,INNAMI
"DIMEX IMPORTACAO E EXPORTACAO LTDA.","BR 230,KM 13.CABEDELO,PARAIBA",玩具,巴西,"FREDERICO GAUDENCIO",,"0055 83 2462820","0055 83 2463288",DIMEXLTDA@UOL.COM.BR,DIMEXLTDA
"SCARLET ATACADO E VAREJO VESTUARIO E ACESSORIOS LTDA.","Rua Com Miguel Calfat 308 Sao Paulo Sao Paulo 04537-081",玩具,巴西,26131870,,"Marcia Cunha",26131870,marcia@scarletboutique.com.br,marcia
"CROWM  FERRAMENTAS  ELETRICAS  DO  BRASIL",,玩具,巴西,554188897740,,"William Santos",,vendas@crownferramentas.com.br,vendas
TRIUMPH-S,"Varshavskoe road, bl.136",玩具,白俄罗斯,,,0079036796523,0079036796523,dmitry_kuikov@yahoo.com,dmitry_kuikov
"TRIUMPH S","WARSHAVSKOE SHOSSE 132,117519 , MOSCOW,RUSSIA",玩具,白俄罗斯,,,007-095-3156879,007-095-3156879,tania@tryumphs.ru,tania
JIGULYANKA,"5,BELOMORSKAYA STR.,MINSK",玩具,白俄罗斯,"VIACHESLAV YURKEVICH",,"00375 17 2329755","00375 17 2329755",S&amp;amp;D@BELSONET.NET,S&amp;amp;D
"CHILDRENS WORLD COMPANY LTD.","LAVSHUK ANDREY VLADIMIROVICH 102,LENIN STREET  KRASNOYARSK, 660017RUSSIA",玩具,白俄罗斯,,,007-3912-222736,007-3912-226923,detskmir@online.ru,detskmir
"IMKON LTD.","SOFIA 1000,1B RAIKO DASKALOV SQ.(P.O.B.936)",玩具,保加利亚,"SPASIMIR VASILEV",,"00359 2 9870505/9801527/98603033","00359 2 9813341",IMKON_LTD@MAIL.BG,IMKON_LTD
"POPOV & SON LTD.","113,TZARIGRADSKO SHOSE BLVD.8TH FLOOR,804 ROOM 1184 SOFIA",玩具,保加利亚,"NADIA POPOVA",,"00359 2 708162/88811997","00359 2 9743457",MAXIMA@MAXIMA.BG,MAXIMA
"EZOSTYLE LTD.","SOFIA,58 PIZOTSUA STZ",玩具,保加利亚,"Mr. MILKO MIKOV",,"00359 2 9870199","00359 2 9870199",EZOSTYLE@TEA.BG,EZOSTYLE
"MIS 69 LTD.","113 TZARIGRADSKO CHAUSSEE BLVD.,(SOFIA-PRESS AGENCY,5TH FLOOR),1784 SOFIA",玩具,保加利亚,"MARIAN KOLEV",,"00359 2 9753545/753922","00359 2 744171",MIS69@DATACOM.BG,MIS69
"TREGA LTD.","4002 PLOVDIV,ATON STR.20",玩具,保加利亚,"Mr. NVAHSLRVKOV",,"00359 32 453053/455054","00359 32 640888/646005",trega@plovdiv.ttm.bg,trega
"RODUC REHAB B.V.B.A.","INDUSTRIEPARK WEST 58//B-9100 SINT-NIKLAAS",玩具,比利时,"BERT DUCHESNE",,"0032 3 7780448","0032 3 7780538",INFO@RODUCREHAB.COM,INFO
"THIELEMANS S.P.R.L.","RUE HERREWEGE STRAAT,27-1090 BRUSSEL",玩具,比利时,,,"0032 2 4271048","0032 2 4240258",ERIC.THIELEMANS@PING.BE,ERIC.THIELEMANS
"DHR. FREDERIK DE WAELE","GENTSESTEENWEG, 190,B-9240 ZELE",玩具,比利时,,,"0032 52 44 43 38","0032 52 44 92 18",sportadewaele@busmail.net,sportadewaele
"S.C. ZONE ROUGE","PARC DE LA GOTTE, 8,B-4550 NANDRIN",玩具,比利时,,,"0032 43 71 25 20","0032 43 71 25 08",zone.rouge@skynet.be,zone.rouge
"N.V. BASTENEI","LANGE VILERSTRAAT, 11,B-2000 ANTWERPEN",玩具,比利时,,,"0032 32 31 43 08","0032 32 32 98 77",bastenei@skynet.be,bastenei
"R.P. TOYS IMPORT-EXPORT","RUE DE LA BLANCHISSERIE 31,B-5310 LIERNU",玩具,比利时,"MARIO RIGOLE",,"0032 81 655807/477729678","0032 81 655870",INFO@RPTOYS.COM,INFO
"S.P.R.L. ERTEL","CHAUSSEE DE NIVELLES, 34,B-1461 HAUT-ITTRE",玩具,比利时,ERIC,,"0032 23 66 36 94","0032 23 66 36 96",spplgg@skynet.be,spplgg
"BRICOLUX S.P.R.L.","CHAUSSEE DE ROCHEFORT, 4//B-5406 MARLOIE",玩具,比利时,"N. COLLARD",,"0032 84 311372","0032 84 316372",INFO@BRICOLUX.BE,INFO
"CDM NV/SA","KMO-ZONE, HEMELRIJKEN, 8 B-2890 SINT-AMANDS",玩具,比利时,"CHRIS DE MEY",,"0032 52 399910/475446537","0032 52 399919",INFO@CDMBELGIUM.COM,INFO
"GREAT GIFTS B.V.B.A.","INDIESTRAAT 21 2000 ANITWERP",玩具,比利时,"Miss. ROBEYN",,"0032 3 2321441","0032 3 2321403",ROBINBEARS@ADVALUAS.BE,ROBINBEARS
"D‘Ieteren Sport SA","Parc Industriel de la Vallee du, Hain, B 1440, Wauthier-Braine",玩具,比利时,"Pierre Vierendeel",,"0032 2 367 14 13","0032 2 366 15 21",bauduin@dieteren.be,bauduin
"ALLDECO BVBA-SPRL","WIJINGAARDVELD 5A B-9300 AALST",玩具,比利时,"DANIELLE VAN HOEYMISSEN",,"0032 53 750600/496261466","0032 53 750606",DANIELLE.VAN.HOEYMISSEN@ALLDECO.BE,DANIELLE.VAN.HOEYMISSEN
ISSELL,"Skutuvogur 12L, P.O.Box 4066,Reykjavik",玩具,冰岛,"Mr. Thorarinsson",,"00354 5681819","00354 5200501",ISSELL@ISSELL.IS,ISSELL
"Jon Asbjornsson hf.","Geirsgata 11, P.O.Box 286,Reykjavik",玩具,冰岛,"Mr. Jon Asbjornsson",,"00354 5511747","00354 5519463",INFO@JONASBJORNSSON.IS,INFO
"FERDAPJONUSTA REYKJAVIKUR","LAEKJARGATA 2,REYKJAVIK",玩具,冰岛,"ASBERG JONSSON",,"00354 5112442/8209494","00354 5112443","INFO@ICELANDVISITOR.COM,ASBERG@ICELANDVISITOR.COM",INFO
"Neptunus Ltd.","Nylendugata 10, P.O.Box 463,Reykjavik",玩具,冰岛,"Mr. B. Halldorsson",,"00354 5521380","00354 5527720",XNEPTUN@SIMNET.IS,XNEPTUN
"LEADDER LTDA","COROICO NO. 1567 LA PAZ BOLIVIA BOLIVIA",玩具,玻利维亚,59122203006,,"JOSE EDUARDO ALVAREZ",59122,sanzega@gmail.com,sanzega
"ZAMORANO ASOCIADOS","CALLE JORDAN 240 COCHABAMBA",玩具,玻利维亚,"ARMANDO EAMORANO A.",,"00591 4 4501515/4225740",591,MZAMORAN@SUPERNET.COM.BO,MZAMORAN
"COMERCIAL MARY","DOM.CALLE RIVERENA NO.831",玩具,玻利维亚,"MARIA EAMORANO A.",,"00591 4 247235",591,MZDMORAN@SUPERNEJ.COM.BO,MZDMORAN
"IMPORTADORA T&D","C/LA GUARDIA N 4(ZONA DE LA RAMADA) BOLIVIA SANTA CRUZ BOLIVIA",玩具,玻利维亚,15815267158,,PETER,591513619,huahai@huahaitoys.com,huahai
ABISAL,"BYTOM 41-902 UL.SKLADOWA 2",玩具,波兰,"RUSZARD ZIOMEK",,"0048 32 3886060","0048 32 3886070",ABISAL@ABISAL.PL,ABISAL
SMIESZEK,"30-716 KRAKOW,UL.PRZEWOZ 2",玩具,波兰,"KINGA GIECOLD-GUMULA",,"0048 12 6532545/6532471/4236092/501382790","0048 12 6532535",INFO@SMIESZEK.COM.PL,INFO
TOPSPORT,"HURTOWNIA:LODZ,UL.ARTYLERYJSKA 3/5",玩具,波兰,"GRZEGORZ LATOSEK",,"0048 42 6334386/6310998/601236040","0048 42 6334386/6310998",TOPSPORT@IKKI.COM.PL,TOPSPORT
INTER-FLORA,"GRANSKIEGO 22 SIECHNICE 55-011 POLAND",玩具,波兰,+48-500-516-847,,"Agata Krzyk",,a.krzyk@inter-flora.pl,a.krzyk
STNUX,"307/18 OSMANCZYKA WARSZAWA 01-494 POLAND",玩具,波兰,48-22-4659055,,"Sylwia Wrzosek",48-22-4659040,sylwia@stnux.pl,sylwia
"Cargo Services",,玩具,波兰,,,"Mariusz Michalski",,waw@cargoservices.pl,waw
"F.H.BOBAS OPOLE","UL.NIEMODLINSKA 107 46-073 CHROSCINA POLAND",玩具,波兰,48-77-5471977,,"Katarzyna Rupowska","48-77-464 01 86",designbobas@gmail.com,designbobas
"MROWIEC TOYS","42-200 CZESTOCHOWA UL.LUDWIKI 2",玩具,波兰,"MIROSTAW MROWIEC",,"0048 34 3651624/607096447","0048 34 3651624",MROWIEC@MROWIEC.PL,MROWIEC
"RACIK A I R GRZESIAK","DO SAMKOW 6 ZAKOPANE 34-500 POLAND",玩具,波兰,4818-201-3841,,"RAFAL GRZESIAK",,racikallegro@poczta.fm,racikallegro
KORAB,"WROCKAW,STANISKAWSKIEGO 3416",玩具,波兰,"Ms.ELEBIETA NIZINSKA",,"0048 71 3340239","0048 71 3340239",AKPOL@GOTO.PL,AKPOL
"GOLDEN RIVER CORPORATION","STAWKI 3A/4,WARSAW 00-193,POLAND",玩具,波兰,,,0048226360496,0048226360496,kp@goldenriver.com.pl,kp
ADAR,"WARSZAWA UL.17-GO STYCZNIA 36/33",玩具,波兰,"DARIUSZ ADAMIEC",,"0048 22 6327232/6314801/6314807","0048 22 6327232/6314801/6314807",ADAR@ADAR.COM.PL,ADAR
"C.SONDERGAARD PAPIR A/S","TIGERVEJ 12,7700 THISTED",玩具,丹麦,"BODIL KOHLERT",,"0045 96 194900/194927","0045 96 194909","CSPAPIR@CSPAPIR.DK,BK@CSPAPIR.DK",CSPAPIR
"BNK GIVE-AWAY","ESROMGADE, 15 OPG 2, 3 SAL,DK-2200 COPENHAGEN N",玩具,丹麦,"LOTTE ERNST MAABO",,"0045 70 20 50 75","0045 70 20 50 75",bnk.reklamegaver@adr.dk,bnk.reklamegaver
"Cova Collection ApS","Taksvej 5 - 7400 Herning",玩具,丹麦,,,"0045 97 21 46 33","0045 97 21 46 34",info@cova.dk,info
"RABO A/S","Industriparken 9, DK 4640, Fakse",玩具,丹麦,"Anne Petersen",,"0045 56 71 33 66","0045 56 71 33 22",rabo@rabo.dk,rabo
"FRIHAVNSKOMPAGNIET A/S","SVNDKAJ, PAKHUS 47,DK-2100 COPENHAGEN O",玩具,丹麦,"CHRISTIAN SCHMIDT",,"0045 39 27 06 44","0045 39 27 09 44",cs@frihavnsko.dk,cs
"Silhouette Scandinavia A/S","Hasselvej 15 A, DK 5591, Gelsted",玩具,丹麦,,,"0045 64 49 18 64","0045 64 49 10 64",silhouette@silhouette.dk,silhouette
"Tress AS","Danmarksvej 34, DK 8660, Skanderborg",玩具,丹麦,,,"0045 86 52 22 00","0045 86 52 22 26",tress@tress.dk,tress
ISAAK,"Borremosen 3 A, DK 2800, Kgs. Lyngby",玩具,丹麦,"Stefan Isaak",,"0045 44 44 74 20","0045 44 44 74 22",isaak@image.dk,isaak
"HANDELSHUSET VEGA I/S","MOLLELODDEN 4,L.SAL 2791 DRAGOR",玩具,丹麦,"GERT FABRICIUS",,"0045 32 942404/29258237","0045 32 942403",HHVEGA@TISCALI.DK,HHVEGA
"KARRUSEL FORLAG","OESTERBROGADE 48, 2. SAL 2100 COPENHAGEN DENMARK DENMARK",玩具,丹麦,0045-33150026,,"Jakob Arnby",,tine@karruselforlag.dk,tine
"COLOPLAST A/S","BRONZEVEJ 4,DK-3060 ESPERGAERDE",玩具,丹麦,"STEN SGHEIEUE",,"0045 49 11 11 11","0045 49 11 15 55",coloplast@coloplast.com,coloplast
"Virklund Sport A/S","Korshoejvej 2, Virklund, DK 8600, Silkeborg",玩具,丹麦,"Ulla Kragelund",,"0045 86 83 69 00","0045 86 83 64 58",virklund@virklund-sport.dk,virklund
"Pluesch & Promotion GmbH","Steinbrede 11, 48163 Muenster, Germany",玩具,德国,"Mr Michael Neumann",,"0049 2536 30190","0049 2536 301910",info@pluesch-und-promotion.de,info
"Thuerl Public Relations","Schindholzweg 5, 96194 Walsdorf, Germany",玩具,德国,"Mr Peter Thuerl",,"0049 9549 8222","0049 9549 8223",peter.thuerl@t-online.de,peter.thuerl
"Ascher Sports GmbH","Pfarrer-Braun-Str. 29, 83043 Bad Aibling, Germany",玩具,德国,"Mr. Florian Ascher",,"0049 8061 1783","0049 8061 6236",a.ascher@t-online.de,a.ascher
"Interact Europe Bernd Joellenbeck GmbH","Kreuzberg 2, 27404 Weertzen, Germany",玩具,德国,"Mr Bernd Joellenbeck",,"0049 4287 12510","0049 4287 125155",info@interact-europe.de,info
"Reimo Reisemobil-Center GmbH","Boschring 10, 63329 Egelsbach, Germany",玩具,德国,"Mr. G. Hillmann",,"0049 6103 400574","0049 6103 4005140",ghillmann@reimo.com,ghillmann
"Hans Galler","Bruckstrasse 8, 84130 Dingolfing, Germany",玩具,德国,"Mr. Hans Galler",,"0049 8731 60362","0049 8731 60362",webmaster@bongland.de,webmaster
"Mahler Toys GmbH","Aubruchsweg 26a, 47447 Moers, Germany",玩具,德国,"Mr. Udo Mahler",,"0049 2841 65210","0049 2841 62208",info@mp-mcs.de,info
"Ulf Tausch","Im Weidach 37, 87527 Sonthofen, Germany",玩具,德国,"Mr Ulf Tausch",,"0049 8321 68575","0049 8321 85808",ulf.tausch.naturprodukte@t-online.de,ulf.tausch.naturprodukte
"Sunflex Sport GmbH + Co KG","Wolkersdorfer Berg 3, 91126 Schwabach, Germany",玩具,德国,"Mr. Bernd Zimmermann",,"0049 911 63212 0","0049 911 63212 44",mail@sunflex-sport.com,mail
"Networx Werbeagentur GmbH","Lindower Str 18, 13347 Berlin, Germany",玩具,德国,"Ms Annette Schroeter",,"0049 30 4601150","0049 30 46011599",info@networx-berlin.de,info
DANY-BAEREN,"ROENNESTR. 14,14057 BERLIN,GERMANY",玩具,德国,"MS DANIELA-REBEKKA MELSE",,"0049 30 32608197","0049 30 32608198",DANYBAEREN@TEDYS.DE,DANYBAEREN
"IMPORTADORA ALCAMPO,C.POR A.","AVE.BARTOLOME COLON NO.80 SANTIAGO",玩具,多米尼加,"JOSE KHOURI",,"00809 5819227","00809 2412044",IMP.ALCAMPO@CODETEL.NET.DO,IMP.ALCAMPO
"PRIN, C. POR A.",,玩具,多米尼加共和国,18092217908,,"Antonio Ramos",18096876569,a.ramos@prin.com,a.ramos
"PRIN, SAS","AV. MELLA 302 DOMINICAN REPUBLIC",玩具,多米尼加共和国,1-809-2217608,,"MIGUEL RAMOS",1-809-6876569,mramos2869@hotmail.com,mramos2869
"SERVICE-SPORT COMPANY","1,NAHIMOVSKIJ PROSPECT,MOSCOW",玩具,俄罗斯,"YURIY V.KOCHEDIKOV",,"007 095 9125748/1138332","007 095 9120667",SERVICE-SPORT@MTU-NET.RU,SERVICE-SPORT
ENTER,"ORDZONIKIDZE STR, BLD 11,10 MOSCOW 115419 RUSSIA",玩具,俄罗斯,7-495-7759175,,"Shablovsky Alexey",,sha@enter.ru,sha
"NEW FORMAT","OF.525 , STRASTNOY BULVAR D.6 STR. 1 MOSCOW 125009, RUSSIA",玩具,俄罗斯,4956945409,,"Chesnokov Igor",49569629815,editor@newforma.ru,editor
"AGENCY OF THE HOLIDAY &quot;BALLOONYA&quot;","BORISOV HIGHWAY 48A 24 SERPUKHOV MOSCOW REGION RUSSIA",玩具,俄罗斯,7-916-2989431,,Maksim,7-916-916,helpip@ya.ru,helpip
NEVA-PRESS,,玩具,俄罗斯,812-3246740-6255,,"Eleonora Babaeva",8-3246740,import@neva-press.com,import
"STUDIO CENTER LTD.","1025, 3/1, MUSI DJALILYA NOVOSIBIRSK 630055 RUSSIA",玩具,俄罗斯,73833283296,,"Olga Vasilyeva",73833283297383,v@centerprint.ru,v
"EDEM POLUS","PROSPEKT VERNADSKOGO 45/81 MOSCOW MOSCOW RUSSIA",玩具,俄罗斯,0079670450262,,"Albasheeva Ayuna",007967967,partnerasia@mail.ru,partnerasia
"World Sweet","Dushinskaya street, 3С13, Moscow",玩具,俄罗斯,74956468733,,Vladimir,74955451833,steh1@yandex.ru,steh1
"OST-COM COMPANY","2FL, 20B, BORODINSKAYA STREET VLADIVOSTOK PRIMORSKIY REGION RUSSIA",玩具,俄罗斯,007-423-22-40-900,,"Elizarov Vladimir",007-423-22-40-900-423,elizarov.vladimir@gmail.com,elizarov.vladimir
MACTUKTOPR,"OFF.201,44,LENINGRADSKAYA STR.,KHABAROVSK",玩具,俄罗斯,"LI VIASHESLAV",,"007 4212 301901/783487","007 4212 301901/783487",POSTMASTER@PLASTIC.KHV.RU,POSTMASTER
ZARNITZA,"PERVAYA VLADIMIRSKAYA 12, BUIL MOSCOW RUSSIA",玩具,俄罗斯,007-495-9874730,,Sasha,007-495-9874753,shura-hua@mail.ru,shura-hua
"NORTHERN VIRGINIA TRADING COMPANY","AZOVSKAYA UI,6/3,OFFICE # 808,MOSCOW",玩具,俄罗斯,"NATALIA GOTOVTSEVA",,"007 095 3107240","007 095 3187300",AVENTO@DOL.RU,AVENTO
"VEHICULOS Y COMERCIO ASTUDILLO CIA. LTDA.","AV. ESPANA 10-10 Y FRANCISCO PIZARRO 1-16(ESQ.) CUENCA",玩具,厄瓜多尔,"HUGO ASTUDILLO A.",,"00593 7 863535/866973","00593 7 806728",VYCAST@ETAPA.COM.EC,VYCAST
BERALSA,"COLLA DANGO DIL RI GUAYAQUIL",玩具,厄瓜多尔,"JOROG ACOSTA",,"00593 4 835074","00593 4 823456",JJBERALSA@HOTMAIL.COM,JJBERALSA
"TIENDAS INDUSTRIALES ASOCIADAS","CHIMBORAZO # 217 Y LUQUE(P.O.BOX 09-015835)",玩具,厄瓜多尔,"SANDRO SGARAVATTI BAETHGEN",,"00593 4 2327387","00593 4 2533086",SSV@TIA.COM.EC,SSV
"SOCIETE TARAU ET CIE","7 AVENUE DE L EUROPE, 60530, NEUILLY EN THELLE",玩具,法国,"M TARAU REMY",,"0033 3 44269696","0033 3 44269697",INFO@TARAU.FR,INFO
"ZEBCO SPORTS FRANCE","RUE DE L AQUEDUC, ZA DU CHARPENAY, 69210, LENTILLY",玩具,法国,"M DERWES",,"0033 474019100","0033 474019101",INFO-FR@ZBCO-EUROPE.COM,INFO-FR
"Vitanime RECHERCHE, CREATION ET DIFFUSION D'ARTICLES PUBLICITAIRES","39/41, rue Andre Sabatier 92000 NANTERRE - FRANCE",玩具,法国,"00 33 1 41 38 02 64",,"Corinne PATARY","00 33 1 45 06 38 88",corinne@vit.anime.fr,corinne
"LES PETITES MARIE","RAYNAUD 1 RUE DE BLOIS AMBOISE",玩具,法国,"EMMANUEL RAYNAUD",,"0033 2 47576900","0033 2 47577500",PTEMARIE@AOL.COM,PTEMARIE
"REMY MARTINEZ","92 CHEMIN SOUS LES VIGNES METZ FRANCE",玩具,法国,33662422859,,"remy martinez",,remy.martinez@bbox.fr,remy.martinez
"RODA S.A.",,玩具,法国,33-89472334,,"ROGER VOINSON",33-89472099,info@roda.fr,info
"PIXI SA","25 RUE AMELOT, 75011, PARIS",玩具,法国,"M GUENARD PHILIPPE ANTOINE",,"0033 1 43577354","0033 1 43571056",INFO@FIXI.FR,INFO
"IDEAL PROMOTION",,玩具,法国,33472694090,,"Nina GOMBART",33472440052,nina@ideal-promotion.com,nina
"BUKI FRANCE","5,RUE DE CRIMEE,PARIS",玩具,法国,"DANIEL LEVY",,"0033 1 40334533","0033 1 40330330",DANIELLEVY@BEZEQINT.NET,DANIELLEVY
"ORAFIAMMA SA","128 AVENUE DE STALINGRAD, BP 37, 94802, VILLEJUIF CEDEX",玩具,法国,"M AUBOUIN",,"0033 1 46771824","0033 1 46781804",ORAFIAMMA@PRESSEUR.FR,ORAFIAMMA
"PINTEL JOUETS","16 RUE FABRE D EGLANTINE, 75012, PARIS",玩具,法国,,,"0033 143079551","0033 148241378",PINTELJOUETS@WAIKAq.COM,PINTELJOUETS
"FERRY JACQUES ET CIE","ZI DE LA PLAINE DU CAIRE,13830,ROQUEFORT LA BEDOULE",玩具,法国,"M FERRY MICHEL",,"0033 442731616","0033 442731400",ferry@ferry.fr,ferry
A.C.T.GLOBAL,"32 SISA STREET,GOLDENDALE SUBDIVISION II TINEJEROS,MALABON,METRO MANILA",玩具,菲律宾,"ALVIN TENG",,"0063 2 2883093/9175228364","0063 2 2853095",TENG_AL@YAHOO.COM,TENG_AL
"KINDER CO.","8C LUNTALA, FIREFLY STREET, VALLE VERDE 6A, PASIG CITY METRO MANILA (1604) PHILIPPINES",玩具,菲律宾,63-917-8221281,,"rodolfo lee jr",,kindershops@yahoo.com,kindershops
"GOLDBELL PHILIPPINES, INC.","2150 ROXAS BLVD.,MALATE,MANILA",玩具,菲律宾,"DESMOND S. CHUA",,"0063 2 5268088","0063 2 3033030",DESCHUA@GOLDBELL.COM.PH,DESCHUA
"SHALIMAR SPORTS INTERNATIONAL","SECOND FLOOR,1053 VITO CRUZ STREET,MANILA",玩具,菲律宾,"SUNDER GOPALDAS",,"0063 2 5269861/5269862","0063 2 5269866/8950462",SHALIMAR@PWORLD.NET.PH,SHALIMAR
"PRIMELEAD MERCHANDISING INC.","219 IPIL. ST.  SAINT JOSEPH SUBD. CAINTA, RIZAL PHILIPPINES",玩具,菲律宾,63-2-6546118,,"LEONORA MILNER",63-2-6546118,leonoramilner@yahoo.com,leonoramilner
"KEYWEST INTERNATIONALE SALES",,玩具,菲律宾,636323766466,,"Evangeline Que",6324116727,keywest_internationale@yahoo.com,keywest_internationale
"ARCHIPELAGO TRADING","1390-B G. ARANETA AVE. B. TALYAN,QUEZON CITY,PHILIPPINES",玩具,菲律宾,,,(02)4130722,(02)2443119,Archipelago12@www.com/angie888aj@yahoo.com,Archipelago12
"BLUE MAGIC, INC.","SHOEMART CITY FAIRVIEW QUIRINO HIGHWAY CORNER REGALADO AVE. FAIRVIEW, QUEZON CITY",玩具,菲律宾,63029362093,,"Ramil Dizon",63024190833,rpdbluemagic@yahoo.com,rpdbluemagic
"MINTAGE TRADING","1409 ALVARADO EXT 1003 PHILIPPINES",玩具,菲律宾,63-2-6333104,,"Rachelle Uy",63-2-6333104,rachelle@mintagetrading.com,rachelle
"GAMMA DESIGN CENTER","143-E AURORA BLVD., SAN JUAN CITY, METRO-MANILA PHILIPPINES",玩具,菲律宾,63-2-7239681,,"Dominique Hao",63-2-7258315,ganhi007@yahoo.com,ganhi007
"GALORE GOODS","335 SAN JUANICO ST. AAV MUNTINLUPA 1780 PHILIPPINES",玩具,菲律宾,63-2-7254833,,"Carvin Choa",63-2-7254833-2,galore.goods@yahoo.com.ph,galore.goods
"UNIVERSAL STOCKS CO.","777 KATARUNGAN ST. 2ND FLOOR MANDALUYONG CITY",玩具,菲律宾,"RAMESH MENGHRAJANI",,"0063 2 5354383/9178340406","0063 2 5311996",RAMESH_MENGHRAJANI@YAHOO.COM,RAMESH_MENGHRAJANI
"Suomalainen Kirjakauppa Oy","Koivuvaarankuja 2, FI 01640, Vantaa",玩具,芬兰,,,"00358 9 85 27 51","00358 9 8 52 78 88",suoramyynti@suomalainen.com,suoramyynti
"KESKO FOOD LTD","SATAMAKATU 3,HELSINKI FIN-00016 KESKO",玩具,芬兰,"SARI SLAMA",,"00358 1053 22291/22247/505118915","00358 9 3426909/1053 23485",SARI.SLAMA@KESKO.FI,SARI.SLAMA
"TRANSPEN OY","MYLLYNUMMENTIE 7 KERAVA",玩具,芬兰,"ERKKI KLAMI",,"00358 9 27451522/407520721","00358 9 27451551/2947212",ERKKI.KLAMI@TRANSPEN.FI,ERKKI.KLAMI
"Bauer Nike Hockey Finland","Pakkalankuja 6, FI 01510, Vantaa",玩具,芬兰,,,"00358 9 41 35 67 00","00358 9 41 35 67 10",jukka.viitalahti@bauernike.com,jukka.viitalahti
"KHF Finland Oy","Kaukjarvi, FI 31300, Tammela",玩具,芬兰,"Jaana Moberg",,"00358 3 4 14 21","00358 3 4 35 13 40",khf@khf.fi,khf
"BONGE OY","MAKELANKATU 13,FIN-00550 HELSINKI",玩具,芬兰,"SEPPO TAMMINEN",,"00358 9 701 4075","00358 9 701 4271",info@bonge.fi,info
"K A Weiste Oy","Kalle Weisteen k 4, FI 00720, Helsinki",玩具,芬兰,"Matti Weiste",,"00358 9 35 18 00","00358 9 3 45 43 39",legend@weiste.fi,legend
"SUNWISE FINLAND OY","HELOITTAJANKATU 1,FIN-15520 LAHTI",玩具,芬兰,"RICHARD CAIRNS",,"00358 3 7642402","00358 3 7642389",etunimi.sukunimi@sunwise.fi,etunimi.sukunimi
"TOP-SPORT OY","PULTTITIE 1,00880 HELSINKI",玩具,芬兰,"MARIA RITSCHKOFF",,"00358 9 75516222/505661880","00358 9 75516200",MARIA.RITSCHKOFF@TOPSPORT.FI,MARIA.RITSCHKOFF
Piruetti,"Kauppak 14, FI 33210, Tampere",玩具,芬兰,,,"00358 3 2 12 63 33","00358 3 2 12 51 33",piruetti@yritystele.fi,piruetti
"CLASSIC GOLF","KEILANIEMENTIE 3,FIN-02100 ESPOO",玩具,芬兰,"TUSANI VIRTANER",,"00358 9 445 975","00358 9 445 973",class.golfin@fi,class.golfin
"Suomen Kenttavaruste Oy","Tauskonk 31, FI 33720, Tampere",玩具,芬兰,"Raimo Viljanen",,"00358 3 3 17 42 00","00358 3 3 17 42 01",keva@sci.fi,keva
"MEGA FREE ZONE","CRA.106 NO.15-25 BODEGA 22A2,BOGOTA ZONA FRANCA-P.O.BOX 6763 SANTAFE DE BOGOTA,D.C.",玩具,哥伦比亚,"GUSTAVO GOMEZ",,"0057 1 2846862","0057 1 2848669",MEGAFREEZONE@HOTMAIL.COM,MEGAFREEZONE
"DISTRIBUIDORA LOS ANGELES","CRA. 19 NO. 12-60 OF.100 CENTRO COMERCIAL FECOMERCOL BOGOTA D.C.",玩具,哥伦比亚,"OCTAVIO AGUILAR",,"0057 1 2877747","0057 1 3704789",ANGELO107@LATINMAIL.COM,ANGELO107
NINTENDOMANIA,"CARRERA 4 NO.14-50 OFICINA 810 EDIFICIO ATLANTIS CALI",玩具,哥伦比亚,"ALFONSO NINO ZULUAGA",,"0057 2 8855665/35756203","0057 2 8800405",NINTENDOMANIA@STARMEDIA.COM,NINTENDOMANIA
"AMJEL‘S REPRESENTACIONER","CARRERA 56 NO.7-96 OESTE",玩具,哥伦比亚,"JUAN PABLO TORRES ROZO",,"0057 2 5513851/3108622182","0057 2 5521030","AMJELS@ETB.NET.COM,JUANPATORRES@ETB.NET.COM",AMJELS
BENHABITAT,,玩具,哥伦比亚,57-1-6205455,,"Ing. Juan Carlos Guaqueta",57-1-6205400,proyectos@benhabitat.com,proyectos
"AGROPETS DISTRIBUIDORA","CALLE 40 SUR NO. 30-59 ENVIGADO ANTIOQUIA  055421 COLOMBIA",玩具,哥伦比亚,57-4-3313093,,"Alejandro Ruiz",,intbuyeragropets@gmail.com,intbuyeragropets
"CONSUMO CTDA-EXIM COLOMBIA","CALLE 134 NO 13-83 OFICINA 122, P.O.BOX 180120",玩具,哥伦比亚,"CLOTARIO MORENO",,"0057 1 5200010","0057 1 6331617",EONSUMOLTD_@CABLE.NET.CO,EONSUMOLTD_
"CAROLINA MEDINA URIBE","CALLE 35 # 5SUR-350 MEDELLIN ANTIOQUIA COLOMBIA",玩具,哥伦比亚,57-4-3124380,,"CAROLINA MEDINA URIBE",,caritomedinau@hotmail.com,caritomedinau
"CAROPA IMPORTACIONES LTDA.","CLL.16 NO 41-210 OF.902 MEDELLIN",玩具,哥伦比亚,"MARIO GIRALDO G.",,"0057 2686050","0057 2660893",CAROIMP@HOTMAIL.COM,CAROIMP
"PRORELA S.A.","25 MTS.SUR DE LA CASTELLANA",玩具,哥斯达黎加,"GILBERTO LOPEZ JARAMILLO",,"00506 221 9572","00506 222 0656",GISUMA@SOL.RACSA.CO.CR,GISUMA
"PIERDANT CONSTRUYENDO MARCAS","CENTENO 44-A COL.GRANJAS ESMERALDA,MEXICO CITY",玩具,国外,"FRANCISCO PIERDANT",,"0052 55 91515930","0052 55 91515952",FP_PIERDANT@MAXCOM.NET.MX,FP_PIERDANT
"CORF TRADE D.O.O.","MONTENEGRO,PODGORICA",玩具,国外,"MAKSIM RONCEVIC",,"00381 81 637243/625746","00381 81 621927",MAXO@CG.YU,MAXO
"JIAN PENG TRADING PTE LTD.","141A JOO CHIAT PLACE",玩具,国外,"TONY SUTRISNO",,"0065 90181838","0065 3449470",TONYSUTRISNO@HOTMAIL.COM,TONYSUTRISNO
"COAST LAND SERVICE & SOLUTION LTD.","68-3180 EAST 58TH AVE. VANCOUVER,B.C.",玩具,国外,"HAIWEI ZHENG",,"001 604 4382993","001 604 4382991",HAIWEI@CLEAR.NET.NZ,HAIWEI
"A-OKEY, INC, USA","805 AIRFIELD LANE MIDLAND, MI",玩具,国外,"MARTIN CHAN",,"001 989 6311005","001 989 63115571",GEORGE@A-OKEY.COM,GEORGE
NATURA,"AVNOJA 44 81000 PODGORICA MONTENEGRO",玩具,国外,"MAKSIM RONCEVIC",,"00381 81 637243/67625746","00381 81 637243",MAXO@CG.YU,MAXO
"KIS MING LING IMPORT","P.O.BOX 285 PAPEETE TAHITI FRENCH POLYNESIA",玩具,国外,"Mr.TSANG FRANCKY",,"00689 788528","00689 429329",kis298@hotmail.com,kis298
"POINT PLUS ENTERPRISES GROUP(U.S.A.) CORP.","924 E.MAIN STREET,#105,ALHAMBRA,CA 91801",玩具,国外,"JINKO NEE",,"001 626 3005817/6410765","001 626 3009315",JINKO@EYOU.COM,JINKO
"LP SUPPORT","BEOGRAD,U.PALMEA 24",玩具,国外,,,"00381 11 3430731","00381 11 3434281",TALIBANTRAVEL@YAHOO.COM,TALIBANTRAVEL
"Toys Shop","PAPEERE.TAHITI FRENCH POLYNESIA",玩具,国外,"Mr. JEAN SIN",,"00689 413710/428982/772118","00689 436526",CHOICE-MARKET@MAIL.PF,CHOICE-MARKET
"TNS GROUP",ATYRAU,玩具,哈萨克斯坦,"RUSLAN I.PAKHRUTDINOV",,"007 3007664322",7,TNSRUS@NURSAT.KZ,TNSRUS
"REDFACE OUTDOOR LIFE","281-2,GAMBUK-DONG,HANAM-SI,KYUNGGI-DO",玩具,韩国,"YUNGSUN YOO",,"0082 2 4855283","0082 2 4855284",REDFACE58@HOTMAIL.COM,REDFACE58
"SUNG KYUNG CO.,LTD.","32-4HO,4-KU,YANGPYUNG-DONG,YOUNGDEUNGPO-KU,SEOUL",玩具,韩国,"SE WON,OH",,"0082 2 26365248/26365249/192606758","0082 2 26365339",NAVYUDT@KOREA.COM,NAVYUDT
"GPS CORPORATION","RM.NO.407 JEIL BLDG.832-6,YEOKSAM-DONG KANGNAM-KU,SEOUL",玩具,韩国,"KENNY SEO",,"0082 2 62076880/1191896880","0082 2 62076881",KENNYSEO3@HOTMAIL.COM,KENNYSEO3
"SCIENCE MEDIA","汉城江南区都曲洞416-2南营B/D,6F",玩具,韩国,"KIM HYEK GEE",,"0082 2 5625908/112828252","0082 2 5297561",SCIENCEMEDIA@EMPAL.COM,SCIENCEMEDIA
"MJ ENTERPRISE","626-4 HADAN 1DONG SAHA GU PUSAN 604848 KOREA",玩具,韩国,82-51-2043017,,"RO EUN JOO",82-51-2043571,hana@hanaexpo.net,hana
"DNS INT'L CO., LTD.","931-13 2F DEOKYI-DONG, ILSANSEO-GU, KOYANG CIT KYONGGI-DO",玩具,韩国,9230722,,S.Y.KWON,9230728,lucas888@naver.com,lucas888
"WOOJIN CHARACTER","4F DUJI B/D, 353-18 SHINDANG-DONG CHUNG-GU, SEOUL",玩具,韩国,"KANG-WON JEONG",,"0082 2 22374017/22374018/22375061/114121894","0082 2 22375064",WOOJIN67@KORNET.NET,WOOJIN67
"APPLEBEE PUBLISHING INC",,玩具,韩国,82-2-3652505-111,,"sun young kim",82-3652505-111,sun4889@applbeebook.com,sun4889
UBIPARTS,"#413, SUNKYUNGOFFICETEL, 106-4 GURO5-DONG, GURO-GU, SEOUL, KOREA 152-055 KOREA",玩具,韩国,822-61045011,,822-61045011,822-61045012-2,kyu@ubiparts.com,kyu
"AIS‘ON ENTERTAINMENT","3F,KWANG JIN BLDG,945-8,DOGOK-DONG,KANGNAM-GU,SEOUL",玩具,韩国,CHOI,,"0082 2 34637750/34637752/117267750","0082 2 5775221",ONDALDIO@KORNET.NET,ONDALDIO
INTOTECOS,"3F 12-1 JONGRO5GA JONGRO SEOUL KOREA 439-453 KOREA",玩具,韩国,82-2-7660948,,"kim jai hwan",82-10-23670948-10,intothecos@naver.com,intothecos
"ARTBOX CO., LTD.","1490-25,SEOCHO-DONG,SEOCHO-KU,SEOUL",玩具,韩国,"KYUNG WHA KIM",,"0082 2 5200222","0082 2 5228968",KWKIM@ARTBOX.CO.KR,KWKIM
"OKU Hobby Speelgoed BV","Zonnebaan 30, NL 3606 CB, Maarssen",玩具,荷兰,"F. de Vries",,"0031 30 2410059","0031 30 2414617",info@oku.nl,info
"Keptin Jr.","Denemarkenweg 1, NL-2411 RK Bodegraven, Netherlands",玩具,荷兰,"Dhr. W. Flendrie",,"0031 172 617831","0031 172 610175",info@keptin-jr.com,info
"Motor Import A. J. Huige B.V.","Alexander Handelscentrum, Aluminiumstraat 11, NL-3067 GS Rotterdam, Netherlands",玩具,荷兰,"Dhr. A.J. Huige",,"0031 10 4550699","0031 10 4555144",mimportajh@cistron.nl,mimportajh
"Middelink BV","Postbus 580, NL-7300 AN Apeldoorn, Netherlands",玩具,荷兰,"Dhr. G. Wassink",,"0031 55 5223355","0031 55 5223457",middelink@tref.nl,middelink
"Kempenaar BV","Lange Amerikaweg 73, NL 7332 BP, Apeldoorn",玩具,荷兰,"T. Kempenaar",,"0031 55 5332360","0031 55 5331354",info@Kempenaar.nl,info
"Ikab Chemicals BV","Minervum 1710, NL-4817 ZH Breda, Netherlands",玩具,荷兰,"MR. A. Vermeulen",,"0031 76 5717174","0031 76 5717175",info@ikab.nl,info
"Der Karnevalwierts BV","Oude Roderweg 2, Industrieterrein De Beitel, NL-6422 PE Heerlen, Netherlands",玩具,荷兰,"Dhr. R. Wierts",,"0031 45 5490555","0031 45 5427966",wiert000@wxs.nl,wiert000
"Oosterbeek Verpakkingen BV","AHG Fokkerstraat 22-A, NL-9403 AP Assen, Netherlands",玩具,荷兰,"Dhr. E. Trum",,"0031 592 347272","0031 592 346664",info@oosterbeekverpakkingen.nl,info
"Snoek C.S.A. BV.","Recht van ter Leede 28 B, NL-4143 LP Leerdam, Netherlands",玩具,荷兰,"Dhr. R. Snoek",,"0031 345 599360","0031 345 599758",rsnoek@snoek.com,rsnoek
"Icoma World","Mangaanweg 5, NL-8471 XJ Wolvega, Netherlands",玩具,荷兰,"Mevr. M.E.M Noordam",,"0031 561 689165","0031 561 689174",m.noordam@babico-toys.com,m.noordam
"Tower Holland","Marsdiep 15, NL-8321 MC Urk, Netherlands",玩具,荷兰,"Mr. R. Brands",,"0031 527 686185","0031 527 682860",towertoys@planet.nl,towertoys
